Format,Scope,Constraint,Lobby size,Result,Simulations run,Detail
Auction,All players,Not applicable,2,OK,5000,
Auction,All players,Not applicable,3,OK,5000,
Auction,All players,Not applicable,4,OK,5000,
Auction,All players,Not applicable,5,OK,5000,
Auction,Top 5 leagues,Not applicable,2,OK,5000,
Auction,Top 5 leagues,Not applicable,3,OK,5000,
Auction,Top 5 leagues,Not applicable,4,OK,5000,
Auction,Top 5 leagues,Not applicable,5,OK,5000,
Auction,League: Serie A,Not applicable,2,OK,5000,
Auction,League: Serie A,Not applicable,3,OK,5000,
Auction,League: Serie A,Not applicable,4,OK,5000,
Auction,League: Serie A,Not applicable,5,OK,5000,
Auction,League: Premier Division,Not applicable,2,OK,5000,
Auction,League: Premier Division,Not applicable,3,OK,5000,
Auction,League: Premier Division,Not applicable,4,OK,5000,
Auction,League: Premier Division,Not applicable,5,OK,5000,
Auction,League: First Division,Not applicable,2,OK,5000,
Auction,League: First Division,Not applicable,3,OK,5000,
Auction,League: First Division,Not applicable,4,SHORTAGE,1,"Auction: drafter 3 left with unfillable slot(s), backfill has no eligible unsold player"
Auction,League: First Division,Not applicable,5,SHORTAGE,1,"Auction: drafter 0 left with unfillable slot(s), backfill has no eligible unsold player"
Auction,League: Bundesliga,Not applicable,2,OK,5000,
Auction,League: Bundesliga,Not applicable,3,SHORTAGE,1,"Auction: drafter 1 left with unfillable slot(s), backfill has no eligible unsold player"
Auction,League: Bundesliga,Not applicable,4,SHORTAGE,1,"Auction: drafter 1 left with unfillable slot(s), backfill has no eligible unsold player"
Auction,League: Bundesliga,Not applicable,5,SHORTAGE,1,"Auction: drafter 0 left with unfillable slot(s), backfill has no eligible unsold player"
Auction,League: Ligue 1 Uber Eats,Not applicable,2,SHORTAGE,1,"Auction: drafter 0 left with unfillable slot(s), backfill has no eligible unsold player"
Auction,League: Ligue 1 Uber Eats,Not applicable,3,SHORTAGE,1,"Auction: drafter 1 left with unfillable slot(s), backfill has no eligible unsold player"
Auction,League: Ligue 1 Uber Eats,Not applicable,4,SHORTAGE,1,"Auction: drafter 3 left with unfillable slot(s), backfill has no eligible unsold player"
Auction,League: Ligue 1 Uber Eats,Not applicable,5,SHORTAGE,1,"Auction: drafter 1 left with unfillable slot(s), backfill has no eligible unsold player"
Auction,Nationality: Algeria,Not applicable,2,SHORTAGE,1,"Auction: drafter 0 left with unfillable slot(s), backfill has no eligible unsold player"
Auction,Nationality: Algeria,Not applicable,3,SHORTAGE,1,"Auction: drafter 2 left with unfillable slot(s), backfill has no eligible unsold player"
Auction,Nationality: Algeria,Not applicable,4,SHORTAGE,1,"Auction: drafter 0 left with unfillable slot(s), backfill has no eligible unsold player"
Auction,Nationality: Algeria,Not applicable,5,SHORTAGE,1,"Auction: drafter 0 left with unfillable slot(s), backfill has no eligible unsold player"
Auction,Nationality: Argentina,Not applicable,2,SHORTAGE,1,"Auction: drafter 1 left with unfillable slot(s), backfill has no eligible unsold player"
Auction,Nationality: Argentina,Not applicable,3,SHORTAGE,1,"Auction: drafter 2 left with unfillable slot(s), backfill has no eligible unsold player"
Auction,Nationality: Argentina,Not applicable,4,SHORTAGE,1,"Auction: drafter 0 left with unfillable slot(s), backfill has no eligible unsold player"
Auction,Nationality: Argentina,Not applicable,5,SHORTAGE,1,"Auction: drafter 3 left with unfillable slot(s), backfill has no eligible unsold player"
Auction,Nationality: Armenia,Not applicable,2,SHORTAGE,1,"Auction: drafter 0 left with unfillable slot(s), backfill has no eligible unsold player"
Auction,Nationality: Armenia,Not applicable,3,SHORTAGE,1,"Auction: drafter 2 left with unfillable slot(s), backfill has no eligible unsold player"
Auction,Nationality: Armenia,Not applicable,4,SHORTAGE,1,"Auction: drafter 1 left with unfillable slot(s), backfill has no eligible unsold player"
Auction,Nationality: Armenia,Not applicable,5,SHORTAGE,1,"Auction: drafter 0 left with unfillable slot(s), backfill has no eligible unsold player"
Auction,Nationality: Austria,Not applicable,2,SHORTAGE,1,"Auction: drafter 1 left with unfillable slot(s), backfill has no eligible unsold player"
Auction,Nationality: Austria,Not applicable,3,SHORTAGE,1,"Auction: drafter 2 left with unfillable slot(s), backfill has no eligible unsold player"
Auction,Nationality: Austria,Not applicable,4,SHORTAGE,1,"Auction: drafter 1 left with unfillable slot(s), backfill has no eligible unsold player"
Auction,Nationality: Austria,Not applicable,5,SHORTAGE,1,"Auction: drafter 0 left with unfillable slot(s), backfill has no eligible unsold player"
Auction,Nationality: Belgium,Not applicable,2,SHORTAGE,1,"Auction: drafter 0 left with unfillable slot(s), backfill has no eligible unsold player"
Auction,Nationality: Belgium,Not applicable,3,SHORTAGE,1,"Auction: drafter 1 left with unfillable slot(s), backfill has no eligible unsold player"
Auction,Nationality: Belgium,Not applicable,4,SHORTAGE,1,"Auction: drafter 3 left with unfillable slot(s), backfill has no eligible unsold player"
Auction,Nationality: Belgium,Not applicable,5,SHORTAGE,1,"Auction: drafter 2 left with unfillable slot(s), backfill has no eligible unsold player"
Auction,Nationality: Bosnia & Herzegovina,Not applicable,2,SHORTAGE,1,"Auction: drafter 1 left with unfillable slot(s), backfill has no eligible unsold player"
Auction,Nationality: Bosnia & Herzegovina,Not applicable,3,SHORTAGE,1,"Auction: drafter 2 left with unfillable slot(s), backfill has no eligible unsold player"
Auction,Nationality: Bosnia & Herzegovina,Not applicable,4,SHORTAGE,1,"Auction: drafter 2 left with unfillable slot(s), backfill has no eligible unsold player"
Auction,Nationality: Bosnia & Herzegovina,Not applicable,5,SHORTAGE,1,"Auction: drafter 1 left with unfillable slot(s), backfill has no eligible unsold player"
Auction,Nationality: Brazil,Not applicable,2,SHORTAGE,1,"Auction: drafter 1 left with unfillable slot(s), backfill has no eligible unsold player"
Auction,Nationality: Brazil,Not applicable,3,SHORTAGE,1,"Auction: drafter 0 left with unfillable slot(s), backfill has no eligible unsold player"
Auction,Nationality: Brazil,Not applicable,4,SHORTAGE,1,"Auction: drafter 3 left with unfillable slot(s), backfill has no eligible unsold player"
Auction,Nationality: Brazil,Not applicable,5,SHORTAGE,1,"Auction: drafter 0 left with unfillable slot(s), backfill has no eligible unsold player"
Auction,Nationality: Burkina Faso,Not applicable,2,SHORTAGE,1,"Auction: drafter 1 left with unfillable slot(s), backfill has no eligible unsold player"
Auction,Nationality: Burkina Faso,Not applicable,3,SHORTAGE,1,"Auction: drafter 0 left with unfillable slot(s), backfill has no eligible unsold player"
Auction,Nationality: Burkina Faso,Not applicable,4,SHORTAGE,1,"Auction: drafter 0 left with unfillable slot(s), backfill has no eligible unsold player"
Auction,Nationality: Burkina Faso,Not applicable,5,SHORTAGE,1,"Auction: drafter 0 left with unfillable slot(s), backfill has no eligible unsold player"
Auction,Nationality: Cameroon,Not applicable,2,SHORTAGE,1,"Auction: drafter 1 left with unfillable slot(s), backfill has no eligible unsold player"
Auction,Nationality: Cameroon,Not applicable,3,SHORTAGE,1,"Auction: drafter 2 left with unfillable slot(s), backfill has no eligible unsold player"
Auction,Nationality: Cameroon,Not applicable,4,SHORTAGE,1,"Auction: drafter 1 left with unfillable slot(s), backfill has no eligible unsold player"
Auction,Nationality: Cameroon,Not applicable,5,SHORTAGE,1,"Auction: drafter 0 left with unfillable slot(s), backfill has no eligible unsold player"
Auction,Nationality: Canada,Not applicable,2,SHORTAGE,1,"Auction: drafter 1 left with unfillable slot(s), backfill has no eligible unsold player"
Auction,Nationality: Canada,Not applicable,3,SHORTAGE,1,"Auction: drafter 2 left with unfillable slot(s), backfill has no eligible unsold player"
Auction,Nationality: Canada,Not applicable,4,SHORTAGE,1,"Auction: drafter 0 left with unfillable slot(s), backfill has no eligible unsold player"
Auction,Nationality: Canada,Not applicable,5,SHORTAGE,1,"Auction: drafter 3 left with unfillable slot(s), backfill has no eligible unsold player"
Auction,Nationality: Central African Rep.,Not applicable,2,SHORTAGE,1,"Auction: drafter 0 left with unfillable slot(s), backfill has no eligible unsold player"
Auction,Nationality: Central African Rep.,Not applicable,3,SHORTAGE,1,"Auction: drafter 2 left with unfillable slot(s), backfill has no eligible unsold player"
Auction,Nationality: Central African Rep.,Not applicable,4,SHORTAGE,1,"Auction: drafter 1 left with unfillable slot(s), backfill has no eligible unsold player"
Auction,Nationality: Central African Rep.,Not applicable,5,SHORTAGE,1,"Auction: drafter 3 left with unfillable slot(s), backfill has no eligible unsold player"
Auction,Nationality: Colombia,Not applicable,2,SHORTAGE,1,"Auction: drafter 0 left with unfillable slot(s), backfill has no eligible unsold player"
Auction,Nationality: Colombia,Not applicable,3,SHORTAGE,1,"Auction: drafter 0 left with unfillable slot(s), backfill has no eligible unsold player"
Auction,Nationality: Colombia,Not applicable,4,SHORTAGE,1,"Auction: drafter 1 left with unfillable slot(s), backfill has no eligible unsold player"
Auction,Nationality: Colombia,Not applicable,5,SHORTAGE,1,"Auction: drafter 4 left with unfillable slot(s), backfill has no eligible unsold player"
Auction,Nationality: Costa Rica,Not applicable,2,SHORTAGE,1,"Auction: drafter 1 left with unfillable slot(s), backfill has no eligible unsold player"
Auction,Nationality: Costa Rica,Not applicable,3,SHORTAGE,1,"Auction: drafter 0 left with unfillable slot(s), backfill has no eligible unsold player"
Auction,Nationality: Costa Rica,Not applicable,4,SHORTAGE,1,"Auction: drafter 1 left with unfillable slot(s), backfill has no eligible unsold player"
Auction,Nationality: Costa Rica,Not applicable,5,SHORTAGE,1,"Auction: drafter 2 left with unfillable slot(s), backfill has no eligible unsold player"
Auction,Nationality: Croatia,Not applicable,2,SHORTAGE,1,"Auction: drafter 1 left with unfillable slot(s), backfill has no eligible unsold player"
Auction,Nationality: Croatia,Not applicable,3,SHORTAGE,1,"Auction: drafter 0 left with unfillable slot(s), backfill has no eligible unsold player"
Auction,Nationality: Croatia,Not applicable,4,SHORTAGE,1,"Auction: drafter 2 left with unfillable slot(s), backfill has no eligible unsold player"
Auction,Nationality: Croatia,Not applicable,5,SHORTAGE,1,"Auction: drafter 0 left with unfillable slot(s), backfill has no eligible unsold player"
Auction,Nationality: Czechia,Not applicable,2,SHORTAGE,1,"Auction: drafter 0 left with unfillable slot(s), backfill has no eligible unsold player"
Auction,Nationality: Czechia,Not applicable,3,SHORTAGE,1,"Auction: drafter 2 left with unfillable slot(s), backfill has no eligible unsold player"
Auction,Nationality: Czechia,Not applicable,4,SHORTAGE,1,"Auction: drafter 0 left with unfillable slot(s), backfill has no eligible unsold player"
Auction,Nationality: Czechia,Not applicable,5,SHORTAGE,1,"Auction: drafter 0 left with unfillable slot(s), backfill has no eligible unsold player"
Auction,Nationality: Denmark,Not applicable,2,SHORTAGE,1,"Auction: drafter 1 left with unfillable slot(s), backfill has no eligible unsold player"
Auction,Nationality: Denmark,Not applicable,3,SHORTAGE,1,"Auction: drafter 1 left with unfillable slot(s), backfill has no eligible unsold player"
Auction,Nationality: Denmark,Not applicable,4,SHORTAGE,1,"Auction: drafter 1 left with unfillable slot(s), backfill has no eligible unsold player"
Auction,Nationality: Denmark,Not applicable,5,SHORTAGE,1,"Auction: drafter 0 left with unfillable slot(s), backfill has no eligible unsold player"
Auction,Nationality: Ecuador,Not applicable,2,SHORTAGE,1,"Auction: drafter 1 left with unfillable slot(s), backfill has no eligible unsold player"
Auction,Nationality: Ecuador,Not applicable,3,SHORTAGE,1,"Auction: drafter 0 left with unfillable slot(s), backfill has no eligible unsold player"
Auction,Nationality: Ecuador,Not applicable,4,SHORTAGE,1,"Auction: drafter 3 left with unfillable slot(s), backfill has no eligible unsold player"
Auction,Nationality: Ecuador,Not applicable,5,SHORTAGE,1,"Auction: drafter 1 left with unfillable slot(s), backfill has no eligible unsold player"
Auction,Nationality: Egypt,Not applicable,2,SHORTAGE,1,"Auction: drafter 0 left with unfillable slot(s), backfill has no eligible unsold player"
Auction,Nationality: Egypt,Not applicable,3,SHORTAGE,1,"Auction: drafter 0 left with unfillable slot(s), backfill has no eligible unsold player"
Auction,Nationality: Egypt,Not applicable,4,SHORTAGE,1,"Auction: drafter 2 left with unfillable slot(s), backfill has no eligible unsold player"
Auction,Nationality: Egypt,Not applicable,5,SHORTAGE,1,"Auction: drafter 4 left with unfillable slot(s), backfill has no eligible unsold player"
Auction,Nationality: England,Not applicable,2,SHORTAGE,1,"Auction: drafter 0 left with unfillable slot(s), backfill has no eligible unsold player"
Auction,Nationality: England,Not applicable,3,SHORTAGE,1,"Auction: drafter 2 left with unfillable slot(s), backfill has no eligible unsold player"
Auction,Nationality: England,Not applicable,4,SHORTAGE,1,"Auction: drafter 3 left with unfillable slot(s), backfill has no eligible unsold player"
Auction,Nationality: England,Not applicable,5,SHORTAGE,1,"Auction: drafter 2 left with unfillable slot(s), backfill has no eligible unsold player"
Auction,Nationality: France,Not applicable,2,SHORTAGE,1,"Auction: drafter 0 left with unfillable slot(s), backfill has no eligible unsold player"
Auction,Nationality: France,Not applicable,3,SHORTAGE,1,"Auction: drafter 2 left with unfillable slot(s), backfill has no eligible unsold player"
Auction,Nationality: France,Not applicable,4,SHORTAGE,1,"Auction: drafter 2 left with unfillable slot(s), backfill has no eligible unsold player"
Auction,Nationality: France,Not applicable,5,SHORTAGE,1,"Auction: drafter 0 left with unfillable slot(s), backfill has no eligible unsold player"
Auction,Nationality: Georgia,Not applicable,2,SHORTAGE,1,"Auction: drafter 1 left with unfillable slot(s), backfill has no eligible unsold player"
Auction,Nationality: Georgia,Not applicable,3,SHORTAGE,1,"Auction: drafter 1 left with unfillable slot(s), backfill has no eligible unsold player"
Auction,Nationality: Georgia,Not applicable,4,SHORTAGE,1,"Auction: drafter 0 left with unfillable slot(s), backfill has no eligible unsold player"
Auction,Nationality: Georgia,Not applicable,5,SHORTAGE,1,"Auction: drafter 2 left with unfillable slot(s), backfill has no eligible unsold player"
Auction,Nationality: Germany,Not applicable,2,SHORTAGE,1,"Auction: drafter 0 left with unfillable slot(s), backfill has no eligible unsold player"
Auction,Nationality: Germany,Not applicable,3,SHORTAGE,1,"Auction: drafter 2 left with unfillable slot(s), backfill has no eligible unsold player"
Auction,Nationality: Germany,Not applicable,4,SHORTAGE,1,"Auction: drafter 0 left with unfillable slot(s), backfill has no eligible unsold player"
Auction,Nationality: Germany,Not applicable,5,SHORTAGE,1,"Auction: drafter 2 left with unfillable slot(s), backfill has no eligible unsold player"
Auction,Nationality: Ghana,Not applicable,2,SHORTAGE,1,"Auction: drafter 0 left with unfillable slot(s), backfill has no eligible unsold player"
Auction,Nationality: Ghana,Not applicable,3,SHORTAGE,1,"Auction: drafter 2 left with unfillable slot(s), backfill has no eligible unsold player"
Auction,Nationality: Ghana,Not applicable,4,SHORTAGE,1,"Auction: drafter 3 left with unfillable slot(s), backfill has no eligible unsold player"
Auction,Nationality: Ghana,Not applicable,5,SHORTAGE,1,"Auction: drafter 4 left with unfillable slot(s), backfill has no eligible unsold player"
Auction,Nationality: Greece,Not applicable,2,SHORTAGE,1,"Auction: drafter 0 left with unfillable slot(s), backfill has no eligible unsold player"
Auction,Nationality: Greece,Not applicable,3,SHORTAGE,1,"Auction: drafter 0 left with unfillable slot(s), backfill has no eligible unsold player"
Auction,Nationality: Greece,Not applicable,4,SHORTAGE,1,"Auction: drafter 2 left with unfillable slot(s), backfill has no eligible unsold player"
Auction,Nationality: Greece,Not applicable,5,SHORTAGE,1,"Auction: drafter 4 left with unfillable slot(s), backfill has no eligible unsold player"
Auction,Nationality: Guinea,Not applicable,2,SHORTAGE,1,"Auction: drafter 0 left with unfillable slot(s), backfill has no eligible unsold player"
Auction,Nationality: Guinea,Not applicable,3,SHORTAGE,1,"Auction: drafter 2 left with unfillable slot(s), backfill has no eligible unsold player"
Auction,Nationality: Guinea,Not applicable,4,SHORTAGE,1,"Auction: drafter 2 left with unfillable slot(s), backfill has no eligible unsold player"
Auction,Nationality: Guinea,Not applicable,5,SHORTAGE,1,"Auction: drafter 3 left with unfillable slot(s), backfill has no eligible unsold player"
Auction,Nationality: Guinea-Bissau,Not applicable,2,SHORTAGE,1,"Auction: drafter 1 left with unfillable slot(s), backfill has no eligible unsold player"
Auction,Nationality: Guinea-Bissau,Not applicable,3,SHORTAGE,1,"Auction: drafter 2 left with unfillable slot(s), backfill has no eligible unsold player"
Auction,Nationality: Guinea-Bissau,Not applicable,4,SHORTAGE,1,"Auction: drafter 3 left with unfillable slot(s), backfill has no eligible unsold player"
Auction,Nationality: Guinea-Bissau,Not applicable,5,SHORTAGE,1,"Auction: drafter 4 left with unfillable slot(s), backfill has no eligible unsold player"
Auction,Nationality: Hungary,Not applicable,2,SHORTAGE,1,"Auction: drafter 0 left with unfillable slot(s), backfill has no eligible unsold player"
Auction,Nationality: Hungary,Not applicable,3,SHORTAGE,1,"Auction: drafter 2 left with unfillable slot(s), backfill has no eligible unsold player"
Auction,Nationality: Hungary,Not applicable,4,SHORTAGE,1,"Auction: drafter 3 left with unfillable slot(s), backfill has no eligible unsold player"
Auction,Nationality: Hungary,Not applicable,5,SHORTAGE,1,"Auction: drafter 0 left with unfillable slot(s), backfill has no eligible unsold player"
Auction,Nationality: Iceland,Not applicable,2,SHORTAGE,1,"Auction: drafter 0 left with unfillable slot(s), backfill has no eligible unsold player"
Auction,Nationality: Iceland,Not applicable,3,SHORTAGE,1,"Auction: drafter 1 left with unfillable slot(s), backfill has no eligible unsold player"
Auction,Nationality: Iceland,Not applicable,4,SHORTAGE,1,"Auction: drafter 1 left with unfillable slot(s), backfill has no eligible unsold player"
Auction,Nationality: Iceland,Not applicable,5,SHORTAGE,1,"Auction: drafter 0 left with unfillable slot(s), backfill has no eligible unsold player"
Auction,Nationality: Italy,Not applicable,2,SHORTAGE,1,"Auction: drafter 0 left with unfillable slot(s), backfill has no eligible unsold player"
Auction,Nationality: Italy,Not applicable,3,SHORTAGE,1,"Auction: drafter 1 left with unfillable slot(s), backfill has no eligible unsold player"
Auction,Nationality: Italy,Not applicable,4,SHORTAGE,1,"Auction: drafter 0 left with unfillable slot(s), backfill has no eligible unsold player"
Auction,Nationality: Italy,Not applicable,5,SHORTAGE,1,"Auction: drafter 4 left with unfillable slot(s), backfill has no eligible unsold player"
Auction,Nationality: Ivory Coast,Not applicable,2,SHORTAGE,1,"Auction: drafter 0 left with unfillable slot(s), backfill has no eligible unsold player"
Auction,Nationality: Ivory Coast,Not applicable,3,SHORTAGE,1,"Auction: drafter 1 left with unfillable slot(s), backfill has no eligible unsold player"
Auction,Nationality: Ivory Coast,Not applicable,4,SHORTAGE,1,"Auction: drafter 0 left with unfillable slot(s), backfill has no eligible unsold player"
Auction,Nationality: Ivory Coast,Not applicable,5,SHORTAGE,1,"Auction: drafter 0 left with unfillable slot(s), backfill has no eligible unsold player"
Auction,Nationality: Jamaica,Not applicable,2,SHORTAGE,1,"Auction: drafter 0 left with unfillable slot(s), backfill has no eligible unsold player"
Auction,Nationality: Jamaica,Not applicable,3,SHORTAGE,1,"Auction: drafter 2 left with unfillable slot(s), backfill has no eligible unsold player"
Auction,Nationality: Jamaica,Not applicable,4,SHORTAGE,1,"Auction: drafter 0 left with unfillable slot(s), backfill has no eligible unsold player"
Auction,Nationality: Jamaica,Not applicable,5,SHORTAGE,1,"Auction: drafter 3 left with unfillable slot(s), backfill has no eligible unsold player"
Auction,Nationality: Japan,Not applicable,2,SHORTAGE,1,"Auction: drafter 1 left with unfillable slot(s), backfill has no eligible unsold player"
Auction,Nationality: Japan,Not applicable,3,SHORTAGE,1,"Auction: drafter 0 left with unfillable slot(s), backfill has no eligible unsold player"
Auction,Nationality: Japan,Not applicable,4,SHORTAGE,1,"Auction: drafter 2 left with unfillable slot(s), backfill has no eligible unsold player"
Auction,Nationality: Japan,Not applicable,5,SHORTAGE,1,"Auction: drafter 4 left with unfillable slot(s), backfill has no eligible unsold player"
Auction,Nationality: Kosovo,Not applicable,2,SHORTAGE,1,"Auction: drafter 1 left with unfillable slot(s), backfill has no eligible unsold player"
Auction,Nationality: Kosovo,Not applicable,3,SHORTAGE,1,"Auction: drafter 1 left with unfillable slot(s), backfill has no eligible unsold player"
Auction,Nationality: Kosovo,Not applicable,4,SHORTAGE,1,"Auction: drafter 1 left with unfillable slot(s), backfill has no eligible unsold player"
Auction,Nationality: Kosovo,Not applicable,5,SHORTAGE,1,"Auction: drafter 2 left with unfillable slot(s), backfill has no eligible unsold player"
Auction,Nationality: Mali,Not applicable,2,SHORTAGE,1,"Auction: drafter 0 left with unfillable slot(s), backfill has no eligible unsold player"
Auction,Nationality: Mali,Not applicable,3,SHORTAGE,1,"Auction: drafter 0 left with unfillable slot(s), backfill has no eligible unsold player"
Auction,Nationality: Mali,Not applicable,4,SHORTAGE,1,"Auction: drafter 0 left with unfillable slot(s), backfill has no eligible unsold player"
Auction,Nationality: Mali,Not applicable,5,SHORTAGE,1,"Auction: drafter 0 left with unfillable slot(s), backfill has no eligible unsold player"
Auction,Nationality: Mexico,Not applicable,2,SHORTAGE,1,"Auction: drafter 0 left with unfillable slot(s), backfill has no eligible unsold player"
Auction,Nationality: Mexico,Not applicable,3,SHORTAGE,1,"Auction: drafter 1 left with unfillable slot(s), backfill has no eligible unsold player"
Auction,Nationality: Mexico,Not applicable,4,SHORTAGE,1,"Auction: drafter 1 left with unfillable slot(s), backfill has no eligible unsold player"
Auction,Nationality: Mexico,Not applicable,5,SHORTAGE,1,"Auction: drafter 0 left with unfillable slot(s), backfill has no eligible unsold player"
Auction,Nationality: Montenegro,Not applicable,2,SHORTAGE,1,"Auction: drafter 0 left with unfillable slot(s), backfill has no eligible unsold player"
Auction,Nationality: Montenegro,Not applicable,3,SHORTAGE,1,"Auction: drafter 1 left with unfillable slot(s), backfill has no eligible unsold player"
Auction,Nationality: Montenegro,Not applicable,4,SHORTAGE,1,"Auction: drafter 2 left with unfillable slot(s), backfill has no eligible unsold player"
Auction,Nationality: Montenegro,Not applicable,5,SHORTAGE,1,"Auction: drafter 2 left with unfillable slot(s), backfill has no eligible unsold player"
Auction,Nationality: Morocco,Not applicable,2,SHORTAGE,1,"Auction: drafter 0 left with unfillable slot(s), backfill has no eligible unsold player"
Auction,Nationality: Morocco,Not applicable,3,SHORTAGE,1,"Auction: drafter 1 left with unfillable slot(s), backfill has no eligible unsold player"
Auction,Nationality: Morocco,Not applicable,4,SHORTAGE,1,"Auction: drafter 1 left with unfillable slot(s), backfill has no eligible unsold player"
Auction,Nationality: Morocco,Not applicable,5,SHORTAGE,1,"Auction: drafter 3 left with unfillable slot(s), backfill has no eligible unsold player"
Auction,Nationality: Mozambique,Not applicable,2,SHORTAGE,1,"Auction: drafter 0 left with unfillable slot(s), backfill has no eligible unsold player"
Auction,Nationality: Mozambique,Not applicable,3,SHORTAGE,1,"Auction: drafter 0 left with unfillable slot(s), backfill has no eligible unsold player"
Auction,Nationality: Mozambique,Not applicable,4,SHORTAGE,1,"Auction: drafter 3 left with unfillable slot(s), backfill has no eligible unsold player"
Auction,Nationality: Mozambique,Not applicable,5,SHORTAGE,1,"Auction: drafter 3 left with unfillable slot(s), backfill has no eligible unsold player"
Auction,Nationality: Netherlands,Not applicable,2,SHORTAGE,1,"Auction: drafter 0 left with unfillable slot(s), backfill has no eligible unsold player"
Auction,Nationality: Netherlands,Not applicable,3,SHORTAGE,1,"Auction: drafter 2 left with unfillable slot(s), backfill has no eligible unsold player"
Auction,Nationality: Netherlands,Not applicable,4,SHORTAGE,1,"Auction: drafter 0 left with unfillable slot(s), backfill has no eligible unsold player"
Auction,Nationality: Netherlands,Not applicable,5,SHORTAGE,1,"Auction: drafter 3 left with unfillable slot(s), backfill has no eligible unsold player"
Auction,Nationality: Nigeria,Not applicable,2,SHORTAGE,1,"Auction: drafter 1 left with unfillable slot(s), backfill has no eligible unsold player"
Auction,Nationality: Nigeria,Not applicable,3,SHORTAGE,1,"Auction: drafter 0 left with unfillable slot(s), backfill has no eligible unsold player"
Auction,Nationality: Nigeria,Not applicable,4,SHORTAGE,1,"Auction: drafter 0 left with unfillable slot(s), backfill has no eligible unsold player"
Auction,Nationality: Nigeria,Not applicable,5,SHORTAGE,1,"Auction: drafter 2 left with unfillable slot(s), backfill has no eligible unsold player"
Auction,Nationality: North Macedonia,Not applicable,2,SHORTAGE,1,"Auction: drafter 1 left with unfillable slot(s), backfill has no eligible unsold player"
Auction,Nationality: North Macedonia,Not applicable,3,SHORTAGE,1,"Auction: drafter 1 left with unfillable slot(s), backfill has no eligible unsold player"
Auction,Nationality: North Macedonia,Not applicable,4,SHORTAGE,1,"Auction: drafter 3 left with unfillable slot(s), backfill has no eligible unsold player"
Auction,Nationality: North Macedonia,Not applicable,5,SHORTAGE,1,"Auction: drafter 2 left with unfillable slot(s), backfill has no eligible unsold player"
Auction,Nationality: Norway,Not applicable,2,SHORTAGE,1,"Auction: drafter 1 left with unfillable slot(s), backfill has no eligible unsold player"
Auction,Nationality: Norway,Not applicable,3,SHORTAGE,1,"Auction: drafter 0 left with unfillable slot(s), backfill has no eligible unsold player"
Auction,Nationality: Norway,Not applicable,4,SHORTAGE,1,"Auction: drafter 2 left with unfillable slot(s), backfill has no eligible unsold player"
Auction,Nationality: Norway,Not applicable,5,SHORTAGE,1,"Auction: drafter 3 left with unfillable slot(s), backfill has no eligible unsold player"
Auction,Nationality: Poland,Not applicable,2,SHORTAGE,1,"Auction: drafter 1 left with unfillable slot(s), backfill has no eligible unsold player"
Auction,Nationality: Poland,Not applicable,3,SHORTAGE,1,"Auction: drafter 2 left with unfillable slot(s), backfill has no eligible unsold player"
Auction,Nationality: Poland,Not applicable,4,SHORTAGE,1,"Auction: drafter 1 left with unfillable slot(s), backfill has no eligible unsold player"
Auction,Nationality: Poland,Not applicable,5,SHORTAGE,1,"Auction: drafter 1 left with unfillable slot(s), backfill has no eligible unsold player"
Auction,Nationality: Portugal,Not applicable,2,SHORTAGE,1,"Auction: drafter 0 left with unfillable slot(s), backfill has no eligible unsold player"
Auction,Nationality: Portugal,Not applicable,3,SHORTAGE,1,"Auction: drafter 2 left with unfillable slot(s), backfill has no eligible unsold player"
Auction,Nationality: Portugal,Not applicable,4,SHORTAGE,1,"Auction: drafter 3 left with unfillable slot(s), backfill has no eligible unsold player"
Auction,Nationality: Portugal,Not applicable,5,SHORTAGE,1,"Auction: drafter 0 left with unfillable slot(s), backfill has no eligible unsold player"
Auction,Nationality: Russia,Not applicable,2,SHORTAGE,1,"Auction: drafter 0 left with unfillable slot(s), backfill has no eligible unsold player"
Auction,Nationality: Russia,Not applicable,3,SHORTAGE,1,"Auction: drafter 1 left with unfillable slot(s), backfill has no eligible unsold player"
Auction,Nationality: Russia,Not applicable,4,SHORTAGE,1,"Auction: drafter 3 left with unfillable slot(s), backfill has no eligible unsold player"
Auction,Nationality: Russia,Not applicable,5,SHORTAGE,1,"Auction: drafter 2 left with unfillable slot(s), backfill has no eligible unsold player"
Auction,Nationality: Scotland,Not applicable,2,SHORTAGE,1,"Auction: drafter 1 left with unfillable slot(s), backfill has no eligible unsold player"
Auction,Nationality: Scotland,Not applicable,3,SHORTAGE,1,"Auction: drafter 1 left with unfillable slot(s), backfill has no eligible unsold player"
Auction,Nationality: Scotland,Not applicable,4,SHORTAGE,1,"Auction: drafter 1 left with unfillable slot(s), backfill has no eligible unsold player"
Auction,Nationality: Scotland,Not applicable,5,SHORTAGE,1,"Auction: drafter 1 left with unfillable slot(s), backfill has no eligible unsold player"
Auction,Nationality: Senegal,Not applicable,2,SHORTAGE,1,"Auction: drafter 1 left with unfillable slot(s), backfill has no eligible unsold player"
Auction,Nationality: Senegal,Not applicable,3,SHORTAGE,1,"Auction: drafter 1 left with unfillable slot(s), backfill has no eligible unsold player"
Auction,Nationality: Senegal,Not applicable,4,SHORTAGE,1,"Auction: drafter 2 left with unfillable slot(s), backfill has no eligible unsold player"
Auction,Nationality: Senegal,Not applicable,5,SHORTAGE,1,"Auction: drafter 1 left with unfillable slot(s), backfill has no eligible unsold player"
Auction,Nationality: Serbia,Not applicable,2,SHORTAGE,1,"Auction: drafter 0 left with unfillable slot(s), backfill has no eligible unsold player"
Auction,Nationality: Serbia,Not applicable,3,SHORTAGE,1,"Auction: drafter 2 left with unfillable slot(s), backfill has no eligible unsold player"
Auction,Nationality: Serbia,Not applicable,4,SHORTAGE,1,"Auction: drafter 0 left with unfillable slot(s), backfill has no eligible unsold player"
Auction,Nationality: Serbia,Not applicable,5,SHORTAGE,1,"Auction: drafter 1 left with unfillable slot(s), backfill has no eligible unsold player"
Auction,Nationality: Slovakia,Not applicable,2,SHORTAGE,1,"Auction: drafter 1 left with unfillable slot(s), backfill has no eligible unsold player"
Auction,Nationality: Slovakia,Not applicable,3,SHORTAGE,1,"Auction: drafter 2 left with unfillable slot(s), backfill has no eligible unsold player"
Auction,Nationality: Slovakia,Not applicable,4,SHORTAGE,1,"Auction: drafter 0 left with unfillable slot(s), backfill has no eligible unsold player"
Auction,Nationality: Slovakia,Not applicable,5,SHORTAGE,1,"Auction: drafter 3 left with unfillable slot(s), backfill has no eligible unsold player"
Auction,Nationality: Slovenia,Not applicable,2,SHORTAGE,1,"Auction: drafter 0 left with unfillable slot(s), backfill has no eligible unsold player"
Auction,Nationality: Slovenia,Not applicable,3,SHORTAGE,1,"Auction: drafter 0 left with unfillable slot(s), backfill has no eligible unsold player"
Auction,Nationality: Slovenia,Not applicable,4,SHORTAGE,1,"Auction: drafter 0 left with unfillable slot(s), backfill has no eligible unsold player"
Auction,Nationality: Slovenia,Not applicable,5,SHORTAGE,1,"Auction: drafter 2 left with unfillable slot(s), backfill has no eligible unsold player"
Auction,Nationality: South Korea,Not applicable,2,SHORTAGE,1,"Auction: drafter 0 left with unfillable slot(s), backfill has no eligible unsold player"
Auction,Nationality: South Korea,Not applicable,3,SHORTAGE,1,"Auction: drafter 2 left with unfillable slot(s), backfill has no eligible unsold player"
Auction,Nationality: South Korea,Not applicable,4,SHORTAGE,1,"Auction: drafter 1 left with unfillable slot(s), backfill has no eligible unsold player"
Auction,Nationality: South Korea,Not applicable,5,SHORTAGE,1,"Auction: drafter 3 left with unfillable slot(s), backfill has no eligible unsold player"
Auction,Nationality: Spain,Not applicable,2,OK,5000,
Auction,Nationality: Spain,Not applicable,3,SHORTAGE,1,"Auction: drafter 1 left with unfillable slot(s), backfill has no eligible unsold player"
Auction,Nationality: Spain,Not applicable,4,SHORTAGE,1,"Auction: drafter 2 left with unfillable slot(s), backfill has no eligible unsold player"
Auction,Nationality: Spain,Not applicable,5,SHORTAGE,1,"Auction: drafter 0 left with unfillable slot(s), backfill has no eligible unsold player"
Auction,Nationality: Sweden,Not applicable,2,SHORTAGE,1,"Auction: drafter 0 left with unfillable slot(s), backfill has no eligible unsold player"
Auction,Nationality: Sweden,Not applicable,3,SHORTAGE,1,"Auction: drafter 0 left with unfillable slot(s), backfill has no eligible unsold player"
Auction,Nationality: Sweden,Not applicable,4,SHORTAGE,1,"Auction: drafter 3 left with unfillable slot(s), backfill has no eligible unsold player"
Auction,Nationality: Sweden,Not applicable,5,SHORTAGE,1,"Auction: drafter 3 left with unfillable slot(s), backfill has no eligible unsold player"
Auction,Nationality: Switzerland,Not applicable,2,SHORTAGE,1,"Auction: drafter 1 left with unfillable slot(s), backfill has no eligible unsold player"
Auction,Nationality: Switzerland,Not applicable,3,SHORTAGE,1,"Auction: drafter 2 left with unfillable slot(s), backfill has no eligible unsold player"
Auction,Nationality: Switzerland,Not applicable,4,SHORTAGE,1,"Auction: drafter 1 left with unfillable slot(s), backfill has no eligible unsold player"
Auction,Nationality: Switzerland,Not applicable,5,SHORTAGE,1,"Auction: drafter 1 left with unfillable slot(s), backfill has no eligible unsold player"
Auction,Nationality: Tunisia,Not applicable,2,SHORTAGE,1,"Auction: drafter 0 left with unfillable slot(s), backfill has no eligible unsold player"
Auction,Nationality: Tunisia,Not applicable,3,SHORTAGE,1,"Auction: drafter 0 left with unfillable slot(s), backfill has no eligible unsold player"
Auction,Nationality: Tunisia,Not applicable,4,SHORTAGE,1,"Auction: drafter 0 left with unfillable slot(s), backfill has no eligible unsold player"
Auction,Nationality: Tunisia,Not applicable,5,SHORTAGE,1,"Auction: drafter 2 left with unfillable slot(s), backfill has no eligible unsold player"
Auction,Nationality: Türkiye,Not applicable,2,SHORTAGE,1,"Auction: drafter 0 left with unfillable slot(s), backfill has no eligible unsold player"
Auction,Nationality: Türkiye,Not applicable,3,SHORTAGE,1,"Auction: drafter 2 left with unfillable slot(s), backfill has no eligible unsold player"
Auction,Nationality: Türkiye,Not applicable,4,SHORTAGE,1,"Auction: drafter 0 left with unfillable slot(s), backfill has no eligible unsold player"
Auction,Nationality: Türkiye,Not applicable,5,SHORTAGE,1,"Auction: drafter 1 left with unfillable slot(s), backfill has no eligible unsold player"
Auction,Nationality: U.S.A.,Not applicable,2,SHORTAGE,1,"Auction: drafter 0 left with unfillable slot(s), backfill has no eligible unsold player"
Auction,Nationality: U.S.A.,Not applicable,3,SHORTAGE,1,"Auction: drafter 0 left with unfillable slot(s), backfill has no eligible unsold player"
Auction,Nationality: U.S.A.,Not applicable,4,SHORTAGE,1,"Auction: drafter 3 left with unfillable slot(s), backfill has no eligible unsold player"
Auction,Nationality: U.S.A.,Not applicable,5,SHORTAGE,1,"Auction: drafter 0 left with unfillable slot(s), backfill has no eligible unsold player"
Auction,Nationality: Ukraine,Not applicable,2,SHORTAGE,1,"Auction: drafter 1 left with unfillable slot(s), backfill has no eligible unsold player"
Auction,Nationality: Ukraine,Not applicable,3,SHORTAGE,1,"Auction: drafter 1 left with unfillable slot(s), backfill has no eligible unsold player"
Auction,Nationality: Ukraine,Not applicable,4,SHORTAGE,1,"Auction: drafter 0 left with unfillable slot(s), backfill has no eligible unsold player"
Auction,Nationality: Ukraine,Not applicable,5,SHORTAGE,1,"Auction: drafter 2 left with unfillable slot(s), backfill has no eligible unsold player"
Auction,Nationality: Uruguay,Not applicable,2,SHORTAGE,1,"Auction: drafter 1 left with unfillable slot(s), backfill has no eligible unsold player"
Auction,Nationality: Uruguay,Not applicable,3,SHORTAGE,1,"Auction: drafter 1 left with unfillable slot(s), backfill has no eligible unsold player"
Auction,Nationality: Uruguay,Not applicable,4,SHORTAGE,1,"Auction: drafter 1 left with unfillable slot(s), backfill has no eligible unsold player"
Auction,Nationality: Uruguay,Not applicable,5,SHORTAGE,1,"Auction: drafter 3 left with unfillable slot(s), backfill has no eligible unsold player"
Auction,Nationality: Venezuela,Not applicable,2,SHORTAGE,1,"Auction: drafter 0 left with unfillable slot(s), backfill has no eligible unsold player"
Auction,Nationality: Venezuela,Not applicable,3,SHORTAGE,1,"Auction: drafter 2 left with unfillable slot(s), backfill has no eligible unsold player"
Auction,Nationality: Venezuela,Not applicable,4,SHORTAGE,1,"Auction: drafter 3 left with unfillable slot(s), backfill has no eligible unsold player"
Auction,Nationality: Venezuela,Not applicable,5,SHORTAGE,1,"Auction: drafter 0 left with unfillable slot(s), backfill has no eligible unsold player"
Auction,Nationality: Wales,Not applicable,2,SHORTAGE,1,"Auction: drafter 0 left with unfillable slot(s), backfill has no eligible unsold player"
Auction,Nationality: Wales,Not applicable,3,SHORTAGE,1,"Auction: drafter 0 left with unfillable slot(s), backfill has no eligible unsold player"
Auction,Nationality: Wales,Not applicable,4,SHORTAGE,1,"Auction: drafter 3 left with unfillable slot(s), backfill has no eligible unsold player"
Auction,Nationality: Wales,Not applicable,5,SHORTAGE,1,"Auction: drafter 2 left with unfillable slot(s), backfill has no eligible unsold player"
Deal or No Deal,All players,Not applicable,2,OK,5000,
Deal or No Deal,All players,Not applicable,3,OK,5000,
Deal or No Deal,All players,Not applicable,4,OK,5000,
Deal or No Deal,All players,Not applicable,5,OK,5000,
Deal or No Deal,Top 5 leagues,Not applicable,2,OK,5000,
Deal or No Deal,Top 5 leagues,Not applicable,3,OK,5000,
Deal or No Deal,Top 5 leagues,Not applicable,4,OK,5000,
Deal or No Deal,Top 5 leagues,Not applicable,5,OK,5000,
Deal or No Deal,League: Serie A,Not applicable,2,OK,5000,
Deal or No Deal,League: Serie A,Not applicable,3,SHORTAGE,1,"Deal or No Deal: round 5 (LW) needed 6 boxes, only 5 eligible remained"
Deal or No Deal,League: Serie A,Not applicable,4,SHORTAGE,1,"Deal or No Deal: round 2 (AMF) needed 8 boxes, only 6 eligible remained"
Deal or No Deal,League: Serie A,Not applicable,5,SHORTAGE,1,"Deal or No Deal: round 1 (LB) needed 10 boxes, only 7 eligible remained"
Deal or No Deal,League: Premier Division,Not applicable,2,OK,5000,
Deal or No Deal,League: Premier Division,Not applicable,3,OK,5000,
Deal or No Deal,League: Premier Division,Not applicable,4,SHORTAGE,1,"Deal or No Deal: round 3 (LB) needed 8 boxes, only 7 eligible remained"
Deal or No Deal,League: Premier Division,Not applicable,5,SHORTAGE,1,"Deal or No Deal: round 6 (LB) needed 10 boxes, only 7 eligible remained"
Deal or No Deal,League: First Division,Not applicable,2,SHORTAGE,1,"Deal or No Deal: round 7 (CDM) needed 4 boxes, only 3 eligible remained"
Deal or No Deal,League: First Division,Not applicable,3,SHORTAGE,1,"Deal or No Deal: round 9 (CDM) needed 6 boxes, only 3 eligible remained"
Deal or No Deal,League: First Division,Not applicable,4,SHORTAGE,1,"Deal or No Deal: round 3 (RB) needed 8 boxes, only 6 eligible remained"
Deal or No Deal,League: First Division,Not applicable,5,SHORTAGE,1,"Deal or No Deal: round 2 (GK) needed 10 boxes, only 8 eligible remained"
Deal or No Deal,League: Bundesliga,Not applicable,2,SHORTAGE,1,"Deal or No Deal: round 1 (RW) needed 4 boxes, only 3 eligible remained"
Deal or No Deal,League: Bundesliga,Not applicable,3,SHORTAGE,1,"Deal or No Deal: round 1 (GK) needed 6 boxes, only 2 eligible remained"
Deal or No Deal,League: Bundesliga,Not applicable,4,SHORTAGE,1,"Deal or No Deal: round 1 (RB) needed 8 boxes, only 6 eligible remained"
Deal or No Deal,League: Bundesliga,Not applicable,5,SHORTAGE,1,"Deal or No Deal: round 1 (GK) needed 10 boxes, only 2 eligible remained"
Deal or No Deal,League: Ligue 1 Uber Eats,Not applicable,2,SHORTAGE,1,"Deal or No Deal: round 2 (RB) needed 4 boxes, only 2 eligible remained"
Deal or No Deal,League: Ligue 1 Uber Eats,Not applicable,3,SHORTAGE,1,"Deal or No Deal: round 1 (CB) needed 6 boxes, only 3 eligible remained"
Deal or No Deal,League: Ligue 1 Uber Eats,Not applicable,4,SHORTAGE,1,"Deal or No Deal: round 1 (CB) needed 8 boxes, only 3 eligible remained"
Deal or No Deal,League: Ligue 1 Uber Eats,Not applicable,5,SHORTAGE,1,"Deal or No Deal: round 1 (ST) needed 10 boxes, only 5 eligible remained"
Deal or No Deal,Nationality: Algeria,Not applicable,2,SHORTAGE,1,"Deal or No Deal: round 1 (LW) needed 4 boxes, only 0 eligible remained"
Deal or No Deal,Nationality: Algeria,Not applicable,3,SHORTAGE,1,"Deal or No Deal: round 1 (LW) needed 6 boxes, only 0 eligible remained"
Deal or No Deal,Nationality: Algeria,Not applicable,4,SHORTAGE,1,"Deal or No Deal: round 1 (ST) needed 8 boxes, only 0 eligible remained"
Deal or No Deal,Nationality: Algeria,Not applicable,5,SHORTAGE,1,"Deal or No Deal: round 1 (GK) needed 10 boxes, only 0 eligible remained"
Deal or No Deal,Nationality: Argentina,Not applicable,2,SHORTAGE,1,"Deal or No Deal: round 3 (RB) needed 4 boxes, only 2 eligible remained"
Deal or No Deal,Nationality: Argentina,Not applicable,3,SHORTAGE,1,"Deal or No Deal: round 1 (AMF) needed 6 boxes, only 3 eligible remained"
Deal or No Deal,Nationality: Argentina,Not applicable,4,SHORTAGE,1,"Deal or No Deal: round 1 (CB) needed 8 boxes, only 4 eligible remained"
Deal or No Deal,Nationality: Argentina,Not applicable,5,SHORTAGE,1,"Deal or No Deal: round 1 (RW) needed 10 boxes, only 4 eligible remained"
Deal or No Deal,Nationality: Armenia,Not applicable,2,SHORTAGE,1,"Deal or No Deal: round 1 (CDM) needed 4 boxes, only 0 eligible remained"
Deal or No Deal,Nationality: Armenia,Not applicable,3,SHORTAGE,1,"Deal or No Deal: round 1 (CB) needed 6 boxes, only 0 eligible remained"
Deal or No Deal,Nationality: Armenia,Not applicable,4,SHORTAGE,1,"Deal or No Deal: round 1 (LW) needed 8 boxes, only 0 eligible remained"
Deal or No Deal,Nationality: Armenia,Not applicable,5,SHORTAGE,1,"Deal or No Deal: round 1 (GK) needed 10 boxes, only 0 eligible remained"
Deal or No Deal,Nationality: Austria,Not applicable,2,SHORTAGE,1,"Deal or No Deal: round 1 (AMF) needed 4 boxes, only 1 eligible remained"
Deal or No Deal,Nationality: Austria,Not applicable,3,SHORTAGE,1,"Deal or No Deal: round 1 (RW) needed 6 boxes, only 0 eligible remained"
Deal or No Deal,Nationality: Austria,Not applicable,4,SHORTAGE,1,"Deal or No Deal: round 1 (CB) needed 8 boxes, only 3 eligible remained"
Deal or No Deal,Nationality: Austria,Not applicable,5,SHORTAGE,1,"Deal or No Deal: round 1 (LW) needed 10 boxes, only 0 eligible remained"
Deal or No Deal,Nationality: Belgium,Not applicable,2,SHORTAGE,1,"Deal or No Deal: round 1 (CB) needed 4 boxes, only 0 eligible remained"
Deal or No Deal,Nationality: Belgium,Not applicable,3,SHORTAGE,1,"Deal or No Deal: round 1 (CB) needed 6 boxes, only 0 eligible remained"
Deal or No Deal,Nationality: Belgium,Not applicable,4,SHORTAGE,1,"Deal or No Deal: round 1 (RW) needed 8 boxes, only 1 eligible remained"
Deal or No Deal,Nationality: Belgium,Not applicable,5,SHORTAGE,1,"Deal or No Deal: round 1 (RB) needed 10 boxes, only 0 eligible remained"
Deal or No Deal,Nationality: Bosnia & Herzegovina,Not applicable,2,SHORTAGE,1,"Deal or No Deal: round 1 (LB) needed 4 boxes, only 0 eligible remained"
Deal or No Deal,Nationality: Bosnia & Herzegovina,Not applicable,3,SHORTAGE,1,"Deal or No Deal: round 1 (RW) needed 6 boxes, only 0 eligible remained"
Deal or No Deal,Nationality: Bosnia & Herzegovina,Not applicable,4,SHORTAGE,1,"Deal or No Deal: round 1 (CM) needed 8 boxes, only 0 eligible remained"
Deal or No Deal,Nationality: Bosnia & Herzegovina,Not applicable,5,SHORTAGE,1,"Deal or No Deal: round 1 (GK) needed 10 boxes, only 0 eligible remained"
Deal or No Deal,Nationality: Brazil,Not applicable,2,SHORTAGE,1,"Deal or No Deal: round 2 (AMF) needed 4 boxes, only 2 eligible remained"
Deal or No Deal,Nationality: Brazil,Not applicable,3,SHORTAGE,1,"Deal or No Deal: round 1 (ST) needed 6 boxes, only 5 eligible remained"
Deal or No Deal,Nationality: Brazil,Not applicable,4,SHORTAGE,1,"Deal or No Deal: round 2 (CDM) needed 8 boxes, only 2 eligible remained"
Deal or No Deal,Nationality: Brazil,Not applicable,5,SHORTAGE,1,"Deal or No Deal: round 1 (CM) needed 10 boxes, only 6 eligible remained"
Deal or No Deal,Nationality: Burkina Faso,Not applicable,2,SHORTAGE,1,"Deal or No Deal: round 1 (CDM) needed 4 boxes, only 0 eligible remained"
Deal or No Deal,Nationality: Burkina Faso,Not applicable,3,SHORTAGE,1,"Deal or No Deal: round 1 (RB) needed 6 boxes, only 0 eligible remained"
Deal or No Deal,Nationality: Burkina Faso,Not applicable,4,SHORTAGE,1,"Deal or No Deal: round 1 (AMF) needed 8 boxes, only 0 eligible remained"
Deal or No Deal,Nationality: Burkina Faso,Not applicable,5,SHORTAGE,1,"Deal or No Deal: round 1 (RW) needed 10 boxes, only 0 eligible remained"
Deal or No Deal,Nationality: Cameroon,Not applicable,2,SHORTAGE,1,"Deal or No Deal: round 1 (CB) needed 4 boxes, only 0 eligible remained"
Deal or No Deal,Nationality: Cameroon,Not applicable,3,SHORTAGE,1,"Deal or No Deal: round 1 (AMF) needed 6 boxes, only 0 eligible remained"
Deal or No Deal,Nationality: Cameroon,Not applicable,4,SHORTAGE,1,"Deal or No Deal: round 1 (CDM) needed 8 boxes, only 0 eligible remained"
Deal or No Deal,Nationality: Cameroon,Not applicable,5,SHORTAGE,1,"Deal or No Deal: round 1 (AMF) needed 10 boxes, only 0 eligible remained"
Deal or No Deal,Nationality: Canada,Not applicable,2,SHORTAGE,1,"Deal or No Deal: round 1 (RW) needed 4 boxes, only 0 eligible remained"
Deal or No Deal,Nationality: Canada,Not applicable,3,SHORTAGE,1,"Deal or No Deal: round 1 (ST) needed 6 boxes, only 1 eligible remained"
Deal or No Deal,Nationality: Canada,Not applicable,4,SHORTAGE,1,"Deal or No Deal: round 1 (AMF) needed 8 boxes, only 0 eligible remained"
Deal or No Deal,Nationality: Canada,Not applicable,5,SHORTAGE,1,"Deal or No Deal: round 1 (RB) needed 10 boxes, only 0 eligible remained"
Deal or No Deal,Nationality: Central African Rep.,Not applicable,2,SHORTAGE,1,"Deal or No Deal: round 1 (GK) needed 4 boxes, only 0 eligible remained"
Deal or No Deal,Nationality: Central African Rep.,Not applicable,3,SHORTAGE,1,"Deal or No Deal: round 1 (CB) needed 6 boxes, only 0 eligible remained"
Deal or No Deal,Nationality: Central African Rep.,Not applicable,4,SHORTAGE,1,"Deal or No Deal: round 1 (CDM) needed 8 boxes, only 1 eligible remained"
Deal or No Deal,Nationality: Central African Rep.,Not applicable,5,SHORTAGE,1,"Deal or No Deal: round 1 (ST) needed 10 boxes, only 0 eligible remained"
Deal or No Deal,Nationality: Colombia,Not applicable,2,SHORTAGE,1,"Deal or No Deal: round 1 (GK) needed 4 boxes, only 0 eligible remained"
Deal or No Deal,Nationality: Colombia,Not applicable,3,SHORTAGE,1,"Deal or No Deal: round 1 (ST) needed 6 boxes, only 1 eligible remained"
Deal or No Deal,Nationality: Colombia,Not applicable,4,SHORTAGE,1,"Deal or No Deal: round 1 (RB) needed 8 boxes, only 0 eligible remained"
Deal or No Deal,Nationality: Colombia,Not applicable,5,SHORTAGE,1,"Deal or No Deal: round 1 (RB) needed 10 boxes, only 0 eligible remained"
Deal or No Deal,Nationality: Costa Rica,Not applicable,2,SHORTAGE,1,"Deal or No Deal: round 1 (CM) needed 4 boxes, only 0 eligible remained"
Deal or No Deal,Nationality: Costa Rica,Not applicable,3,SHORTAGE,1,"Deal or No Deal: round 1 (GK) needed 6 boxes, only 1 eligible remained"
Deal or No Deal,Nationality: Costa Rica,Not applicable,4,SHORTAGE,1,"Deal or No Deal: round 1 (AMF) needed 8 boxes, only 0 eligible remained"
Deal or No Deal,Nationality: Costa Rica,Not applicable,5,SHORTAGE,1,"Deal or No Deal: round 1 (RB) needed 10 boxes, only 0 eligible remained"
Deal or No Deal,Nationality: Croatia,Not applicable,2,SHORTAGE,1,"Deal or No Deal: round 1 (CB) needed 4 boxes, only 1 eligible remained"
Deal or No Deal,Nationality: Croatia,Not applicable,3,SHORTAGE,1,"Deal or No Deal: round 1 (CB) needed 6 boxes, only 1 eligible remained"
Deal or No Deal,Nationality: Croatia,Not applicable,4,SHORTAGE,1,"Deal or No Deal: round 1 (CB) needed 8 boxes, only 1 eligible remained"
Deal or No Deal,Nationality: Croatia,Not applicable,5,SHORTAGE,1,"Deal or No Deal: round 1 (CB) needed 10 boxes, only 1 eligible remained"
Deal or No Deal,Nationality: Czechia,Not applicable,2,SHORTAGE,1,"Deal or No Deal: round 1 (GK) needed 4 boxes, only 0 eligible remained"
Deal or No Deal,Nationality: Czechia,Not applicable,3,SHORTAGE,1,"Deal or No Deal: round 1 (CB) needed 6 boxes, only 0 eligible remained"
Deal or No Deal,Nationality: Czechia,Not applicable,4,SHORTAGE,1,"Deal or No Deal: round 1 (AMF) needed 8 boxes, only 0 eligible remained"
Deal or No Deal,Nationality: Czechia,Not applicable,5,SHORTAGE,1,"Deal or No Deal: round 1 (ST) needed 10 boxes, only 1 eligible remained"
Deal or No Deal,Nationality: Denmark,Not applicable,2,SHORTAGE,1,"Deal or No Deal: round 1 (AMF) needed 4 boxes, only 0 eligible remained"
Deal or No Deal,Nationality: Denmark,Not applicable,3,SHORTAGE,1,"Deal or No Deal: round 1 (LW) needed 6 boxes, only 0 eligible remained"
Deal or No Deal,Nationality: Denmark,Not applicable,4,SHORTAGE,1,"Deal or No Deal: round 1 (GK) needed 8 boxes, only 0 eligible remained"
Deal or No Deal,Nationality: Denmark,Not applicable,5,SHORTAGE,1,"Deal or No Deal: round 1 (CM) needed 10 boxes, only 1 eligible remained"
Deal or No Deal,Nationality: Ecuador,Not applicable,2,SHORTAGE,1,"Deal or No Deal: round 1 (CDM) needed 4 boxes, only 1 eligible remained"
Deal or No Deal,Nationality: Ecuador,Not applicable,3,SHORTAGE,1,"Deal or No Deal: round 1 (AMF) needed 6 boxes, only 0 eligible remained"
Deal or No Deal,Nationality: Ecuador,Not applicable,4,SHORTAGE,1,"Deal or No Deal: round 1 (LB) needed 8 boxes, only 1 eligible remained"
Deal or No Deal,Nationality: Ecuador,Not applicable,5,SHORTAGE,1,"Deal or No Deal: round 1 (RB) needed 10 boxes, only 0 eligible remained"
Deal or No Deal,Nationality: Egypt,Not applicable,2,SHORTAGE,1,"Deal or No Deal: round 1 (CB) needed 4 boxes, only 0 eligible remained"
Deal or No Deal,Nationality: Egypt,Not applicable,3,SHORTAGE,1,"Deal or No Deal: round 1 (CM) needed 6 boxes, only 0 eligible remained"
Deal or No Deal,Nationality: Egypt,Not applicable,4,SHORTAGE,1,"Deal or No Deal: round 1 (LW) needed 8 boxes, only 0 eligible remained"
Deal or No Deal,Nationality: Egypt,Not applicable,5,SHORTAGE,1,"Deal or No Deal: round 1 (LB) needed 10 boxes, only 0 eligible remained"
Deal or No Deal,Nationality: England,Not applicable,2,SHORTAGE,1,"Deal or No Deal: round 1 (CDM) needed 4 boxes, only 0 eligible remained"
Deal or No Deal,Nationality: England,Not applicable,3,SHORTAGE,1,"Deal or No Deal: round 2 (RW) needed 6 boxes, only 5 eligible remained"
Deal or No Deal,Nationality: England,Not applicable,4,SHORTAGE,1,"Deal or No Deal: round 1 (RW) needed 8 boxes, only 5 eligible remained"
Deal or No Deal,Nationality: England,Not applicable,5,SHORTAGE,1,"Deal or No Deal: round 2 (AMF) needed 10 boxes, only 6 eligible remained"
Deal or No Deal,Nationality: France,Not applicable,2,SHORTAGE,1,"Deal or No Deal: round 2 (LB) needed 4 boxes, only 3 eligible remained"
Deal or No Deal,Nationality: France,Not applicable,3,SHORTAGE,1,"Deal or No Deal: round 2 (CDM) needed 6 boxes, only 3 eligible remained"
Deal or No Deal,Nationality: France,Not applicable,4,SHORTAGE,1,"Deal or No Deal: round 2 (RB) needed 8 boxes, only 4 eligible remained"
Deal or No Deal,Nationality: France,Not applicable,5,SHORTAGE,1,"Deal or No Deal: round 2 (RB) needed 10 boxes, only 4 eligible remained"
Deal or No Deal,Nationality: Georgia,Not applicable,2,SHORTAGE,1,"Deal or No Deal: round 1 (CDM) needed 4 boxes, only 0 eligible remained"
Deal or No Deal,Nationality: Georgia,Not applicable,3,SHORTAGE,1,"Deal or No Deal: round 1 (CM) needed 6 boxes, only 0 eligible remained"
Deal or No Deal,Nationality: Georgia,Not applicable,4,SHORTAGE,1,"Deal or No Deal: round 1 (CM) needed 8 boxes, only 0 eligible remained"
Deal or No Deal,Nationality: Georgia,Not applicable,5,SHORTAGE,1,"Deal or No Deal: round 1 (RB) needed 10 boxes, only 0 eligible remained"
Deal or No Deal,Nationality: Germany,Not applicable,2,SHORTAGE,1,"Deal or No Deal: round 2 (CDM) needed 4 boxes, only 3 eligible remained"
Deal or No Deal,Nationality: Germany,Not applicable,3,SHORTAGE,1,"Deal or No Deal: round 1 (CM) needed 6 boxes, only 4 eligible remained"
Deal or No Deal,Nationality: Germany,Not applicable,4,SHORTAGE,1,"Deal or No Deal: round 1 (RW) needed 8 boxes, only 3 eligible remained"
Deal or No Deal,Nationality: Germany,Not applicable,5,SHORTAGE,1,"Deal or No Deal: round 1 (AMF) needed 10 boxes, only 5 eligible remained"
Deal or No Deal,Nationality: Ghana,Not applicable,2,SHORTAGE,1,"Deal or No Deal: round 1 (CM) needed 4 boxes, only 1 eligible remained"
Deal or No Deal,Nationality: Ghana,Not applicable,3,SHORTAGE,1,"Deal or No Deal: round 1 (LB) needed 6 boxes, only 0 eligible remained"
Deal or No Deal,Nationality: Ghana,Not applicable,4,SHORTAGE,1,"Deal or No Deal: round 1 (LB) needed 8 boxes, only 0 eligible remained"
Deal or No Deal,Nationality: Ghana,Not applicable,5,SHORTAGE,1,"Deal or No Deal: round 1 (AMF) needed 10 boxes, only 0 eligible remained"
Deal or No Deal,Nationality: Greece,Not applicable,2,SHORTAGE,1,"Deal or No Deal: round 1 (CM) needed 4 boxes, only 0 eligible remained"
Deal or No Deal,Nationality: Greece,Not applicable,3,SHORTAGE,1,"Deal or No Deal: round 1 (ST) needed 6 boxes, only 0 eligible remained"
Deal or No Deal,Nationality: Greece,Not applicable,4,SHORTAGE,1,"Deal or No Deal: round 1 (AMF) needed 8 boxes, only 0 eligible remained"
Deal or No Deal,Nationality: Greece,Not applicable,5,SHORTAGE,1,"Deal or No Deal: round 1 (CB) needed 10 boxes, only 0 eligible remained"
Deal or No Deal,Nationality: Guinea,Not applicable,2,SHORTAGE,1,"Deal or No Deal: round 1 (CM) needed 4 boxes, only 0 eligible remained"
Deal or No Deal,Nationality: Guinea,Not applicable,3,SHORTAGE,1,"Deal or No Deal: round 1 (CM) needed 6 boxes, only 0 eligible remained"
Deal or No Deal,Nationality: Guinea,Not applicable,4,SHORTAGE,1,"Deal or No Deal: round 1 (CB) needed 8 boxes, only 1 eligible remained"
Deal or No Deal,Nationality: Guinea,Not applicable,5,SHORTAGE,1,"Deal or No Deal: round 1 (LB) needed 10 boxes, only 0 eligible remained"
Deal or No Deal,Nationality: Guinea-Bissau,Not applicable,2,SHORTAGE,1,"Deal or No Deal: round 1 (LW) needed 4 boxes, only 0 eligible remained"
Deal or No Deal,Nationality: Guinea-Bissau,Not applicable,3,SHORTAGE,1,"Deal or No Deal: round 1 (CDM) needed 6 boxes, only 0 eligible remained"
Deal or No Deal,Nationality: Guinea-Bissau,Not applicable,4,SHORTAGE,1,"Deal or No Deal: round 1 (CB) needed 8 boxes, only 0 eligible remained"
Deal or No Deal,Nationality: Guinea-Bissau,Not applicable,5,SHORTAGE,1,"Deal or No Deal: round 1 (LW) needed 10 boxes, only 0 eligible remained"
Deal or No Deal,Nationality: Hungary,Not applicable,2,SHORTAGE,1,"Deal or No Deal: round 1 (AMF) needed 4 boxes, only 0 eligible remained"
Deal or No Deal,Nationality: Hungary,Not applicable,3,SHORTAGE,1,"Deal or No Deal: round 1 (CM) needed 6 boxes, only 1 eligible remained"
Deal or No Deal,Nationality: Hungary,Not applicable,4,SHORTAGE,1,"Deal or No Deal: round 1 (LW) needed 8 boxes, only 0 eligible remained"
Deal or No Deal,Nationality: Hungary,Not applicable,5,SHORTAGE,1,"Deal or No Deal: round 1 (RW) needed 10 boxes, only 0 eligible remained"
Deal or No Deal,Nationality: Iceland,Not applicable,2,SHORTAGE,1,"Deal or No Deal: round 1 (CM) needed 4 boxes, only 0 eligible remained"
Deal or No Deal,Nationality: Iceland,Not applicable,3,SHORTAGE,1,"Deal or No Deal: round 1 (CB) needed 6 boxes, only 0 eligible remained"
Deal or No Deal,Nationality: Iceland,Not applicable,4,SHORTAGE,1,"Deal or No Deal: round 1 (CB) needed 8 boxes, only 0 eligible remained"
Deal or No Deal,Nationality: Iceland,Not applicable,5,SHORTAGE,1,"Deal or No Deal: round 1 (CB) needed 10 boxes, only 0 eligible remained"
Deal or No Deal,Nationality: Italy,Not applicable,2,SHORTAGE,1,"Deal or No Deal: round 2 (LW) needed 4 boxes, only 3 eligible remained"
Deal or No Deal,Nationality: Italy,Not applicable,3,SHORTAGE,1,"Deal or No Deal: round 1 (GK) needed 6 boxes, only 5 eligible remained"
Deal or No Deal,Nationality: Italy,Not applicable,4,SHORTAGE,1,"Deal or No Deal: round 1 (RB) needed 8 boxes, only 3 eligible remained"
Deal or No Deal,Nationality: Italy,Not applicable,5,SHORTAGE,1,"Deal or No Deal: round 1 (AMF) needed 10 boxes, only 1 eligible remained"
Deal or No Deal,Nationality: Ivory Coast,Not applicable,2,SHORTAGE,1,"Deal or No Deal: round 1 (RB) needed 4 boxes, only 0 eligible remained"
Deal or No Deal,Nationality: Ivory Coast,Not applicable,3,SHORTAGE,1,"Deal or No Deal: round 1 (LW) needed 6 boxes, only 1 eligible remained"
Deal or No Deal,Nationality: Ivory Coast,Not applicable,4,SHORTAGE,1,"Deal or No Deal: round 1 (CB) needed 8 boxes, only 4 eligible remained"
Deal or No Deal,Nationality: Ivory Coast,Not applicable,5,SHORTAGE,1,"Deal or No Deal: round 1 (CDM) needed 10 boxes, only 1 eligible remained"
Deal or No Deal,Nationality: Jamaica,Not applicable,2,SHORTAGE,1,"Deal or No Deal: round 1 (LB) needed 4 boxes, only 0 eligible remained"
Deal or No Deal,Nationality: Jamaica,Not applicable,3,SHORTAGE,1,"Deal or No Deal: round 1 (ST) needed 6 boxes, only 0 eligible remained"
Deal or No Deal,Nationality: Jamaica,Not applicable,4,SHORTAGE,1,"Deal or No Deal: round 1 (GK) needed 8 boxes, only 0 eligible remained"
Deal or No Deal,Nationality: Jamaica,Not applicable,5,SHORTAGE,1,"Deal or No Deal: round 1 (CM) needed 10 boxes, only 0 eligible remained"
Deal or No Deal,Nationality: Japan,Not applicable,2,SHORTAGE,1,"Deal or No Deal: round 1 (LW) needed 4 boxes, only 1 eligible remained"
Deal or No Deal,Nationality: Japan,Not applicable,3,SHORTAGE,1,"Deal or No Deal: round 1 (CB) needed 6 boxes, only 0 eligible remained"
Deal or No Deal,Nationality: Japan,Not applicable,4,SHORTAGE,1,"Deal or No Deal: round 1 (LW) needed 8 boxes, only 1 eligible remained"
Deal or No Deal,Nationality: Japan,Not applicable,5,SHORTAGE,1,"Deal or No Deal: round 1 (LW) needed 10 boxes, only 1 eligible remained"
Deal or No Deal,Nationality: Kosovo,Not applicable,2,SHORTAGE,1,"Deal or No Deal: round 1 (GK) needed 4 boxes, only 0 eligible remained"
Deal or No Deal,Nationality: Kosovo,Not applicable,3,SHORTAGE,1,"Deal or No Deal: round 1 (CM) needed 6 boxes, only 0 eligible remained"
Deal or No Deal,Nationality: Kosovo,Not applicable,4,SHORTAGE,1,"Deal or No Deal: round 1 (CB) needed 8 boxes, only 1 eligible remained"
Deal or No Deal,Nationality: Kosovo,Not applicable,5,SHORTAGE,1,"Deal or No Deal: round 1 (RW) needed 10 boxes, only 1 eligible remained"
Deal or No Deal,Nationality: Mali,Not applicable,2,SHORTAGE,1,"Deal or No Deal: round 1 (LB) needed 4 boxes, only 0 eligible remained"
Deal or No Deal,Nationality: Mali,Not applicable,3,SHORTAGE,1,"Deal or No Deal: round 1 (RW) needed 6 boxes, only 0 eligible remained"
Deal or No Deal,Nationality: Mali,Not applicable,4,SHORTAGE,1,"Deal or No Deal: round 1 (CB) needed 8 boxes, only 0 eligible remained"
Deal or No Deal,Nationality: Mali,Not applicable,5,SHORTAGE,1,"Deal or No Deal: round 1 (LB) needed 10 boxes, only 0 eligible remained"
Deal or No Deal,Nationality: Mexico,Not applicable,2,SHORTAGE,1,"Deal or No Deal: round 1 (ST) needed 4 boxes, only 1 eligible remained"
Deal or No Deal,Nationality: Mexico,Not applicable,3,SHORTAGE,1,"Deal or No Deal: round 1 (LB) needed 6 boxes, only 0 eligible remained"
Deal or No Deal,Nationality: Mexico,Not applicable,4,SHORTAGE,1,"Deal or No Deal: round 1 (RW) needed 8 boxes, only 0 eligible remained"
Deal or No Deal,Nationality: Mexico,Not applicable,5,SHORTAGE,1,"Deal or No Deal: round 1 (GK) needed 10 boxes, only 0 eligible remained"
Deal or No Deal,Nationality: Montenegro,Not applicable,2,SHORTAGE,1,"Deal or No Deal: round 1 (CB) needed 4 boxes, only 0 eligible remained"
Deal or No Deal,Nationality: Montenegro,Not applicable,3,SHORTAGE,1,"Deal or No Deal: round 1 (ST) needed 6 boxes, only 0 eligible remained"
Deal or No Deal,Nationality: Montenegro,Not applicable,4,SHORTAGE,1,"Deal or No Deal: round 1 (AMF) needed 8 boxes, only 0 eligible remained"
Deal or No Deal,Nationality: Montenegro,Not applicable,5,SHORTAGE,1,"Deal or No Deal: round 1 (RB) needed 10 boxes, only 1 eligible remained"
Deal or No Deal,Nationality: Morocco,Not applicable,2,SHORTAGE,1,"Deal or No Deal: round 1 (AMF) needed 4 boxes, only 1 eligible remained"
Deal or No Deal,Nationality: Morocco,Not applicable,3,SHORTAGE,1,"Deal or No Deal: round 1 (CB) needed 6 boxes, only 1 eligible remained"
Deal or No Deal,Nationality: Morocco,Not applicable,4,SHORTAGE,1,"Deal or No Deal: round 1 (CB) needed 8 boxes, only 1 eligible remained"
Deal or No Deal,Nationality: Morocco,Not applicable,5,SHORTAGE,1,"Deal or No Deal: round 1 (CB) needed 10 boxes, only 1 eligible remained"
Deal or No Deal,Nationality: Mozambique,Not applicable,2,SHORTAGE,1,"Deal or No Deal: round 1 (RW) needed 4 boxes, only 0 eligible remained"
Deal or No Deal,Nationality: Mozambique,Not applicable,3,SHORTAGE,1,"Deal or No Deal: round 1 (AMF) needed 6 boxes, only 0 eligible remained"
Deal or No Deal,Nationality: Mozambique,Not applicable,4,SHORTAGE,1,"Deal or No Deal: round 1 (CB) needed 8 boxes, only 0 eligible remained"
Deal or No Deal,Nationality: Mozambique,Not applicable,5,SHORTAGE,1,"Deal or No Deal: round 1 (CB) needed 10 boxes, only 0 eligible remained"
Deal or No Deal,Nationality: Netherlands,Not applicable,2,SHORTAGE,1,"Deal or No Deal: round 1 (ST) needed 4 boxes, only 2 eligible remained"
Deal or No Deal,Nationality: Netherlands,Not applicable,3,SHORTAGE,1,"Deal or No Deal: round 1 (GK) needed 6 boxes, only 1 eligible remained"
Deal or No Deal,Nationality: Netherlands,Not applicable,4,SHORTAGE,1,"Deal or No Deal: round 1 (CDM) needed 8 boxes, only 1 eligible remained"
Deal or No Deal,Nationality: Netherlands,Not applicable,5,SHORTAGE,1,"Deal or No Deal: round 1 (CDM) needed 10 boxes, only 1 eligible remained"
Deal or No Deal,Nationality: Nigeria,Not applicable,2,SHORTAGE,1,"Deal or No Deal: round 1 (AMF) needed 4 boxes, only 0 eligible remained"
Deal or No Deal,Nationality: Nigeria,Not applicable,3,SHORTAGE,1,"Deal or No Deal: round 1 (CDM) needed 6 boxes, only 0 eligible remained"
Deal or No Deal,Nationality: Nigeria,Not applicable,4,SHORTAGE,1,"Deal or No Deal: round 1 (GK) needed 8 boxes, only 0 eligible remained"
Deal or No Deal,Nationality: Nigeria,Not applicable,5,SHORTAGE,1,"Deal or No Deal: round 1 (RW) needed 10 boxes, only 1 eligible remained"
Deal or No Deal,Nationality: North Macedonia,Not applicable,2,SHORTAGE,1,"Deal or No Deal: round 1 (CM) needed 4 boxes, only 0 eligible remained"
Deal or No Deal,Nationality: North Macedonia,Not applicable,3,SHORTAGE,1,"Deal or No Deal: round 1 (LW) needed 6 boxes, only 0 eligible remained"
Deal or No Deal,Nationality: North Macedonia,Not applicable,4,SHORTAGE,1,"Deal or No Deal: round 1 (LW) needed 8 boxes, only 0 eligible remained"
Deal or No Deal,Nationality: North Macedonia,Not applicable,5,SHORTAGE,1,"Deal or No Deal: round 1 (CDM) needed 10 boxes, only 0 eligible remained"
Deal or No Deal,Nationality: Norway,Not applicable,2,SHORTAGE,1,"Deal or No Deal: round 1 (LB) needed 4 boxes, only 0 eligible remained"
Deal or No Deal,Nationality: Norway,Not applicable,3,SHORTAGE,1,"Deal or No Deal: round 1 (CB) needed 6 boxes, only 1 eligible remained"
Deal or No Deal,Nationality: Norway,Not applicable,4,SHORTAGE,1,"Deal or No Deal: round 1 (LW) needed 8 boxes, only 0 eligible remained"
Deal or No Deal,Nationality: Norway,Not applicable,5,SHORTAGE,1,"Deal or No Deal: round 1 (RW) needed 10 boxes, only 0 eligible remained"
Deal or No Deal,Nationality: Poland,Not applicable,2,SHORTAGE,1,"Deal or No Deal: round 1 (CM) needed 4 boxes, only 1 eligible remained"
Deal or No Deal,Nationality: Poland,Not applicable,3,SHORTAGE,1,"Deal or No Deal: round 1 (ST) needed 6 boxes, only 2 eligible remained"
Deal or No Deal,Nationality: Poland,Not applicable,4,SHORTAGE,1,"Deal or No Deal: round 1 (CDM) needed 8 boxes, only 0 eligible remained"
Deal or No Deal,Nationality: Poland,Not applicable,5,SHORTAGE,1,"Deal or No Deal: round 1 (CB) needed 10 boxes, only 0 eligible remained"
Deal or No Deal,Nationality: Portugal,Not applicable,2,SHORTAGE,1,"Deal or No Deal: round 2 (RW) needed 4 boxes, only 2 eligible remained"
Deal or No Deal,Nationality: Portugal,Not applicable,3,SHORTAGE,1,"Deal or No Deal: round 1 (RB) needed 6 boxes, only 2 eligible remained"
Deal or No Deal,Nationality: Portugal,Not applicable,4,SHORTAGE,1,"Deal or No Deal: round 1 (ST) needed 8 boxes, only 4 eligible remained"
Deal or No Deal,Nationality: Portugal,Not applicable,5,SHORTAGE,1,"Deal or No Deal: round 1 (CM) needed 10 boxes, only 4 eligible remained"
Deal or No Deal,Nationality: Russia,Not applicable,2,SHORTAGE,1,"Deal or No Deal: round 1 (GK) needed 4 boxes, only 0 eligible remained"
Deal or No Deal,Nationality: Russia,Not applicable,3,SHORTAGE,1,"Deal or No Deal: round 1 (RB) needed 6 boxes, only 0 eligible remained"
Deal or No Deal,Nationality: Russia,Not applicable,4,SHORTAGE,1,"Deal or No Deal: round 1 (LB) needed 8 boxes, only 0 eligible remained"
Deal or No Deal,Nationality: Russia,Not applicable,5,SHORTAGE,1,"Deal or No Deal: round 1 (LW) needed 10 boxes, only 0 eligible remained"
Deal or No Deal,Nationality: Scotland,Not applicable,2,SHORTAGE,1,"Deal or No Deal: round 1 (RB) needed 4 boxes, only 1 eligible remained"
Deal or No Deal,Nationality: Scotland,Not applicable,3,SHORTAGE,1,"Deal or No Deal: round 1 (CDM) needed 6 boxes, only 0 eligible remained"
Deal or No Deal,Nationality: Scotland,Not applicable,4,SHORTAGE,1,"Deal or No Deal: round 1 (LW) needed 8 boxes, only 0 eligible remained"
Deal or No Deal,Nationality: Scotland,Not applicable,5,SHORTAGE,1,"Deal or No Deal: round 1 (ST) needed 10 boxes, only 0 eligible remained"
Deal or No Deal,Nationality: Senegal,Not applicable,2,SHORTAGE,1,"Deal or No Deal: round 1 (CB) needed 4 boxes, only 1 eligible remained"
Deal or No Deal,Nationality: Senegal,Not applicable,3,SHORTAGE,1,"Deal or No Deal: round 1 (CB) needed 6 boxes, only 1 eligible remained"
Deal or No Deal,Nationality: Senegal,Not applicable,4,SHORTAGE,1,"Deal or No Deal: round 1 (RB) needed 8 boxes, only 0 eligible remained"
Deal or No Deal,Nationality: Senegal,Not applicable,5,SHORTAGE,1,"Deal or No Deal: round 1 (CB) needed 10 boxes, only 1 eligible remained"
Deal or No Deal,Nationality: Serbia,Not applicable,2,SHORTAGE,1,"Deal or No Deal: round 1 (RB) needed 4 boxes, only 0 eligible remained"
Deal or No Deal,Nationality: Serbia,Not applicable,3,SHORTAGE,1,"Deal or No Deal: round 1 (RW) needed 6 boxes, only 0 eligible remained"
Deal or No Deal,Nationality: Serbia,Not applicable,4,SHORTAGE,1,"Deal or No Deal: round 1 (CM) needed 8 boxes, only 2 eligible remained"
Deal or No Deal,Nationality: Serbia,Not applicable,5,SHORTAGE,1,"Deal or No Deal: round 1 (ST) needed 10 boxes, only 2 eligible remained"
Deal or No Deal,Nationality: Slovakia,Not applicable,2,SHORTAGE,1,"Deal or No Deal: round 1 (CB) needed 4 boxes, only 2 eligible remained"
Deal or No Deal,Nationality: Slovakia,Not applicable,3,SHORTAGE,1,"Deal or No Deal: round 1 (CM) needed 6 boxes, only 0 eligible remained"
Deal or No Deal,Nationality: Slovakia,Not applicable,4,SHORTAGE,1,"Deal or No Deal: round 1 (CM) needed 8 boxes, only 0 eligible remained"
Deal or No Deal,Nationality: Slovakia,Not applicable,5,SHORTAGE,1,"Deal or No Deal: round 1 (CB) needed 10 boxes, only 2 eligible remained"
Deal or No Deal,Nationality: Slovenia,Not applicable,2,SHORTAGE,1,"Deal or No Deal: round 1 (CDM) needed 4 boxes, only 0 eligible remained"
Deal or No Deal,Nationality: Slovenia,Not applicable,3,SHORTAGE,1,"Deal or No Deal: round 1 (RB) needed 6 boxes, only 0 eligible remained"
Deal or No Deal,Nationality: Slovenia,Not applicable,4,SHORTAGE,1,"Deal or No Deal: round 1 (CDM) needed 8 boxes, only 0 eligible remained"
Deal or No Deal,Nationality: Slovenia,Not applicable,5,SHORTAGE,1,"Deal or No Deal: round 1 (RW) needed 10 boxes, only 0 eligible remained"
Deal or No Deal,Nationality: South Korea,Not applicable,2,SHORTAGE,1,"Deal or No Deal: round 1 (CM) needed 4 boxes, only 0 eligible remained"
Deal or No Deal,Nationality: South Korea,Not applicable,3,SHORTAGE,1,"Deal or No Deal: round 1 (ST) needed 6 boxes, only 0 eligible remained"
Deal or No Deal,Nationality: South Korea,Not applicable,4,SHORTAGE,1,"Deal or No Deal: round 1 (LW) needed 8 boxes, only 1 eligible remained"
Deal or No Deal,Nationality: South Korea,Not applicable,5,SHORTAGE,1,"Deal or No Deal: round 1 (CB) needed 10 boxes, only 1 eligible remained"
Deal or No Deal,Nationality: Spain,Not applicable,2,SHORTAGE,1,"Deal or No Deal: round 1 (CDM) needed 4 boxes, only 2 eligible remained"
Deal or No Deal,Nationality: Spain,Not applicable,3,SHORTAGE,1,"Deal or No Deal: round 1 (AMF) needed 6 boxes, only 5 eligible remained"
Deal or No Deal,Nationality: Spain,Not applicable,4,SHORTAGE,1,"Deal or No Deal: round 4 (CDM) needed 8 boxes, only 2 eligible remained"
Deal or No Deal,Nationality: Spain,Not applicable,5,SHORTAGE,1,"Deal or No Deal: round 1 (RB) needed 10 boxes, only 5 eligible remained"
Deal or No Deal,Nationality: Sweden,Not applicable,2,SHORTAGE,1,"Deal or No Deal: round 1 (LB) needed 4 boxes, only 0 eligible remained"
Deal or No Deal,Nationality: Sweden,Not applicable,3,SHORTAGE,1,"Deal or No Deal: round 1 (AMF) needed 6 boxes, only 0 eligible remained"
Deal or No Deal,Nationality: Sweden,Not applicable,4,SHORTAGE,1,"Deal or No Deal: round 1 (GK) needed 8 boxes, only 0 eligible remained"
Deal or No Deal,Nationality: Sweden,Not applicable,5,SHORTAGE,1,"Deal or No Deal: round 1 (AMF) needed 10 boxes, only 0 eligible remained"
Deal or No Deal,Nationality: Switzerland,Not applicable,2,SHORTAGE,1,"Deal or No Deal: round 1 (RB) needed 4 boxes, only 0 eligible remained"
Deal or No Deal,Nationality: Switzerland,Not applicable,3,SHORTAGE,1,"Deal or No Deal: round 1 (ST) needed 6 boxes, only 2 eligible remained"
Deal or No Deal,Nationality: Switzerland,Not applicable,4,SHORTAGE,1,"Deal or No Deal: round 1 (RW) needed 8 boxes, only 0 eligible remained"
Deal or No Deal,Nationality: Switzerland,Not applicable,5,SHORTAGE,1,"Deal or No Deal: round 1 (ST) needed 10 boxes, only 2 eligible remained"
Deal or No Deal,Nationality: Tunisia,Not applicable,2,SHORTAGE,1,"Deal or No Deal: round 1 (CB) needed 4 boxes, only 0 eligible remained"
Deal or No Deal,Nationality: Tunisia,Not applicable,3,SHORTAGE,1,"Deal or No Deal: round 1 (GK) needed 6 boxes, only 0 eligible remained"
Deal or No Deal,Nationality: Tunisia,Not applicable,4,SHORTAGE,1,"Deal or No Deal: round 1 (CB) needed 8 boxes, only 0 eligible remained"
Deal or No Deal,Nationality: Tunisia,Not applicable,5,SHORTAGE,1,"Deal or No Deal: round 1 (LB) needed 10 boxes, only 0 eligible remained"
Deal or No Deal,Nationality: Türkiye,Not applicable,2,SHORTAGE,1,"Deal or No Deal: round 1 (ST) needed 4 boxes, only 1 eligible remained"
Deal or No Deal,Nationality: Türkiye,Not applicable,3,SHORTAGE,1,"Deal or No Deal: round 1 (LW) needed 6 boxes, only 0 eligible remained"
Deal or No Deal,Nationality: Türkiye,Not applicable,4,SHORTAGE,1,"Deal or No Deal: round 1 (CDM) needed 8 boxes, only 1 eligible remained"
Deal or No Deal,Nationality: Türkiye,Not applicable,5,SHORTAGE,1,"Deal or No Deal: round 1 (CDM) needed 10 boxes, only 1 eligible remained"
Deal or No Deal,Nationality: U.S.A.,Not applicable,2,SHORTAGE,1,"Deal or No Deal: round 1 (CB) needed 4 boxes, only 0 eligible remained"
Deal or No Deal,Nationality: U.S.A.,Not applicable,3,SHORTAGE,1,"Deal or No Deal: round 1 (RW) needed 6 boxes, only 1 eligible remained"
Deal or No Deal,Nationality: U.S.A.,Not applicable,4,SHORTAGE,1,"Deal or No Deal: round 1 (LB) needed 8 boxes, only 0 eligible remained"
Deal or No Deal,Nationality: U.S.A.,Not applicable,5,SHORTAGE,1,"Deal or No Deal: round 1 (CM) needed 10 boxes, only 1 eligible remained"
Deal or No Deal,Nationality: Ukraine,Not applicable,2,SHORTAGE,1,"Deal or No Deal: round 1 (AMF) needed 4 boxes, only 0 eligible remained"
Deal or No Deal,Nationality: Ukraine,Not applicable,3,SHORTAGE,1,"Deal or No Deal: round 1 (AMF) needed 6 boxes, only 0 eligible remained"
Deal or No Deal,Nationality: Ukraine,Not applicable,4,SHORTAGE,1,"Deal or No Deal: round 1 (LW) needed 8 boxes, only 0 eligible remained"
Deal or No Deal,Nationality: Ukraine,Not applicable,5,SHORTAGE,1,"Deal or No Deal: round 1 (RB) needed 10 boxes, only 0 eligible remained"
Deal or No Deal,Nationality: Uruguay,Not applicable,2,SHORTAGE,1,"Deal or No Deal: round 1 (LB) needed 4 boxes, only 1 eligible remained"
Deal or No Deal,Nationality: Uruguay,Not applicable,3,SHORTAGE,1,"Deal or No Deal: round 1 (LB) needed 6 boxes, only 1 eligible remained"
Deal or No Deal,Nationality: Uruguay,Not applicable,4,SHORTAGE,1,"Deal or No Deal: round 1 (AMF) needed 8 boxes, only 0 eligible remained"
Deal or No Deal,Nationality: Uruguay,Not applicable,5,SHORTAGE,1,"Deal or No Deal: round 1 (CM) needed 10 boxes, only 3 eligible remained"
Deal or No Deal,Nationality: Venezuela,Not applicable,2,SHORTAGE,1,"Deal or No Deal: round 1 (RB) needed 4 boxes, only 0 eligible remained"
Deal or No Deal,Nationality: Venezuela,Not applicable,3,SHORTAGE,1,"Deal or No Deal: round 1 (CB) needed 6 boxes, only 0 eligible remained"
Deal or No Deal,Nationality: Venezuela,Not applicable,4,SHORTAGE,1,"Deal or No Deal: round 1 (CM) needed 8 boxes, only 1 eligible remained"
Deal or No Deal,Nationality: Venezuela,Not applicable,5,SHORTAGE,1,"Deal or No Deal: round 1 (CM) needed 10 boxes, only 1 eligible remained"
Deal or No Deal,Nationality: Wales,Not applicable,2,SHORTAGE,1,"Deal or No Deal: round 1 (CB) needed 4 boxes, only 1 eligible remained"
Deal or No Deal,Nationality: Wales,Not applicable,3,SHORTAGE,1,"Deal or No Deal: round 1 (LW) needed 6 boxes, only 0 eligible remained"
Deal or No Deal,Nationality: Wales,Not applicable,4,SHORTAGE,1,"Deal or No Deal: round 1 (CM) needed 8 boxes, only 0 eligible remained"
Deal or No Deal,Nationality: Wales,Not applicable,5,SHORTAGE,1,"Deal or No Deal: round 1 (CM) needed 10 boxes, only 0 eligible remained"
Free Pick,All players,No constraints,2,OK,5000,
Free Pick,All players,No constraints,3,OK,5000,
Free Pick,All players,No constraints,4,OK,5000,
Free Pick,All players,No constraints,5,OK,5000,
Free Pick,All players,1 per club,2,OK,5000,
Free Pick,All players,1 per club,3,OK,5000,
Free Pick,All players,1 per club,4,OK,5000,
Free Pick,All players,1 per club,5,OK,5000,
Free Pick,All players,3 per club,2,OK,5000,
Free Pick,All players,3 per club,3,OK,5000,
Free Pick,All players,3 per club,4,OK,5000,
Free Pick,All players,3 per club,5,OK,5000,
Free Pick,All players,1 per nationality,2,OK,5000,
Free Pick,All players,1 per nationality,3,OK,5000,
Free Pick,All players,1 per nationality,4,OK,5000,
Free Pick,All players,1 per nationality,5,OK,5000,
Free Pick,All players,3 per nationality,2,OK,5000,
Free Pick,All players,3 per nationality,3,OK,5000,
Free Pick,All players,3 per nationality,4,OK,5000,
Free Pick,All players,3 per nationality,5,OK,5000,
Free Pick,Top 5 leagues,No constraints,2,OK,5000,
Free Pick,Top 5 leagues,No constraints,3,OK,5000,
Free Pick,Top 5 leagues,No constraints,4,OK,5000,
Free Pick,Top 5 leagues,No constraints,5,OK,5000,
Free Pick,Top 5 leagues,1 per club,2,OK,5000,
Free Pick,Top 5 leagues,1 per club,3,OK,5000,
Free Pick,Top 5 leagues,1 per club,4,OK,5000,
Free Pick,Top 5 leagues,1 per club,5,OK,5000,
Free Pick,Top 5 leagues,3 per club,2,OK,5000,
Free Pick,Top 5 leagues,3 per club,3,OK,5000,
Free Pick,Top 5 leagues,3 per club,4,OK,5000,
Free Pick,Top 5 leagues,3 per club,5,OK,5000,
Free Pick,Top 5 leagues,1 per nationality,2,OK,5000,
Free Pick,Top 5 leagues,1 per nationality,3,OK,5000,
Free Pick,Top 5 leagues,1 per nationality,4,OK,5000,
Free Pick,Top 5 leagues,1 per nationality,5,OK,5000,
Free Pick,Top 5 leagues,3 per nationality,2,OK,5000,
Free Pick,Top 5 leagues,3 per nationality,3,OK,5000,
Free Pick,Top 5 leagues,3 per nationality,4,OK,5000,
Free Pick,Top 5 leagues,3 per nationality,5,OK,5000,
Free Pick,League: Serie A,No constraints,2,OK,5000,
Free Pick,League: Serie A,No constraints,3,OK,5000,
Free Pick,League: Serie A,No constraints,4,OK,5000,
Free Pick,League: Serie A,No constraints,5,OK,5000,
Free Pick,League: Serie A,1 per club,2,SHORTAGE,1,Free Pick: drafter 1 had no legal pick in round 11
Free Pick,League: Serie A,1 per club,3,SHORTAGE,1,Free Pick: drafter 1 had no legal pick in round 10
Free Pick,League: Serie A,1 per club,4,SHORTAGE,1,Free Pick: drafter 3 had no legal pick in round 10
Free Pick,League: Serie A,1 per club,5,SHORTAGE,1,Free Pick: drafter 1 had no legal pick in round 9
Free Pick,League: Serie A,3 per club,2,OK,5000,
Free Pick,League: Serie A,3 per club,3,SHORTAGE,105,Free Pick: drafter 0 had no legal pick in round 11
Free Pick,League: Serie A,3 per club,4,SHORTAGE,100,Free Pick: drafter 1 had no legal pick in round 11
Free Pick,League: Serie A,3 per club,5,SHORTAGE,7,Free Pick: drafter 1 had no legal pick in round 11
Free Pick,League: Serie A,1 per nationality,2,SHORTAGE,1,Free Pick: drafter 1 had no legal pick in round 11
Free Pick,League: Serie A,1 per nationality,3,SHORTAGE,1,Free Pick: drafter 0 had no legal pick in round 11
Free Pick,League: Serie A,1 per nationality,4,SHORTAGE,1,Free Pick: drafter 0 had no legal pick in round 11
Free Pick,League: Serie A,1 per nationality,5,SHORTAGE,1,Free Pick: drafter 2 had no legal pick in round 9
Free Pick,League: Serie A,3 per nationality,2,OK,5000,
Free Pick,League: Serie A,3 per nationality,3,SHORTAGE,45,Free Pick: drafter 0 had no legal pick in round 11
Free Pick,League: Serie A,3 per nationality,4,SHORTAGE,4,Free Pick: drafter 0 had no legal pick in round 11
Free Pick,League: Serie A,3 per nationality,5,SHORTAGE,1,Free Pick: drafter 2 had no legal pick in round 11
Free Pick,League: Premier Division,No constraints,2,OK,5000,
Free Pick,League: Premier Division,No constraints,3,OK,5000,
Free Pick,League: Premier Division,No constraints,4,OK,5000,
Free Pick,League: Premier Division,No constraints,5,OK,5000,
Free Pick,League: Premier Division,1 per club,2,SHORTAGE,1,Free Pick: drafter 1 had no legal pick in round 11
Free Pick,League: Premier Division,1 per club,3,SHORTAGE,11,Free Pick: drafter 0 had no legal pick in round 11
Free Pick,League: Premier Division,1 per club,4,SHORTAGE,7,Free Pick: drafter 0 had no legal pick in round 11
Free Pick,League: Premier Division,1 per club,5,SHORTAGE,2,Free Pick: drafter 0 had no legal pick in round 11
Free Pick,League: Premier Division,3 per club,2,OK,5000,
Free Pick,League: Premier Division,3 per club,3,OK,5000,
Free Pick,League: Premier Division,3 per club,4,OK,5000,
Free Pick,League: Premier Division,3 per club,5,OK,5000,
Free Pick,League: Premier Division,1 per nationality,2,SHORTAGE,213,Free Pick: drafter 1 had no legal pick in round 11
Free Pick,League: Premier Division,1 per nationality,3,SHORTAGE,140,Free Pick: drafter 1 had no legal pick in round 11
Free Pick,League: Premier Division,1 per nationality,4,SHORTAGE,4,Free Pick: drafter 0 had no legal pick in round 11
Free Pick,League: Premier Division,1 per nationality,5,SHORTAGE,16,Free Pick: drafter 4 had no legal pick in round 11
Free Pick,League: Premier Division,3 per nationality,2,OK,5000,
Free Pick,League: Premier Division,3 per nationality,3,OK,5000,
Free Pick,League: Premier Division,3 per nationality,4,OK,5000,
Free Pick,League: Premier Division,3 per nationality,5,OK,5000,
Free Pick,League: First Division,No constraints,2,OK,5000,
Free Pick,League: First Division,No constraints,3,OK,5000,
Free Pick,League: First Division,No constraints,4,SHORTAGE,1,Free Pick: drafter 0 had no legal pick in round 11
Free Pick,League: First Division,No constraints,5,SHORTAGE,1,Free Pick: drafter 0 had no legal pick in round 11
Free Pick,League: First Division,1 per club,2,SHORTAGE,1,Free Pick: drafter 0 had no legal pick in round 11
Free Pick,League: First Division,1 per club,3,SHORTAGE,1,Free Pick: drafter 1 had no legal pick in round 11
Free Pick,League: First Division,1 per club,4,SHORTAGE,1,Free Pick: drafter 2 had no legal pick in round 10
Free Pick,League: First Division,1 per club,5,SHORTAGE,1,Free Pick: drafter 0 had no legal pick in round 10
Free Pick,League: First Division,3 per club,2,SHORTAGE,56,Free Pick: drafter 0 had no legal pick in round 11
Free Pick,League: First Division,3 per club,3,SHORTAGE,1,Free Pick: drafter 1 had no legal pick in round 11
Free Pick,League: First Division,3 per club,4,SHORTAGE,1,Free Pick: drafter 1 had no legal pick in round 11
Free Pick,League: First Division,3 per club,5,SHORTAGE,1,Free Pick: drafter 2 had no legal pick in round 11
Free Pick,League: First Division,1 per nationality,2,SHORTAGE,2,Free Pick: drafter 0 had no legal pick in round 11
Free Pick,League: First Division,1 per nationality,3,SHORTAGE,1,Free Pick: drafter 2 had no legal pick in round 11
Free Pick,League: First Division,1 per nationality,4,SHORTAGE,1,Free Pick: drafter 0 had no legal pick in round 10
Free Pick,League: First Division,1 per nationality,5,SHORTAGE,1,Free Pick: drafter 4 had no legal pick in round 10
Free Pick,League: First Division,3 per nationality,2,SHORTAGE,169,Free Pick: drafter 1 had no legal pick in round 11
Free Pick,League: First Division,3 per nationality,3,SHORTAGE,8,Free Pick: drafter 0 had no legal pick in round 11
Free Pick,League: First Division,3 per nationality,4,SHORTAGE,1,Free Pick: drafter 3 had no legal pick in round 11
Free Pick,League: First Division,3 per nationality,5,SHORTAGE,1,Free Pick: drafter 3 had no legal pick in round 10
Free Pick,League: Bundesliga,No constraints,2,OK,5000,
Free Pick,League: Bundesliga,No constraints,3,SHORTAGE,1,Free Pick: drafter 1 had no legal pick in round 11
Free Pick,League: Bundesliga,No constraints,4,SHORTAGE,1,Free Pick: drafter 3 had no legal pick in round 10
Free Pick,League: Bundesliga,No constraints,5,SHORTAGE,1,Free Pick: drafter 0 had no legal pick in round 10
Free Pick,League: Bundesliga,1 per club,2,SHORTAGE,1,Free Pick: drafter 1 had no legal pick in round 8
Free Pick,League: Bundesliga,1 per club,3,SHORTAGE,1,Free Pick: drafter 0 had no legal pick in round 7
Free Pick,League: Bundesliga,1 per club,4,SHORTAGE,1,Free Pick: drafter 0 had no legal pick in round 6
Free Pick,League: Bundesliga,1 per club,5,SHORTAGE,1,Free Pick: drafter 4 had no legal pick in round 6
Free Pick,League: Bundesliga,3 per club,2,SHORTAGE,4,Free Pick: drafter 0 had no legal pick in round 10
Free Pick,League: Bundesliga,3 per club,3,SHORTAGE,1,Free Pick: drafter 1 had no legal pick in round 11
Free Pick,League: Bundesliga,3 per club,4,SHORTAGE,1,Free Pick: drafter 2 had no legal pick in round 10
Free Pick,League: Bundesliga,3 per club,5,SHORTAGE,1,Free Pick: drafter 3 had no legal pick in round 10
Free Pick,League: Bundesliga,1 per nationality,2,SHORTAGE,1,Free Pick: drafter 1 had no legal pick in round 11
Free Pick,League: Bundesliga,1 per nationality,3,SHORTAGE,1,Free Pick: drafter 0 had no legal pick in round 9
Free Pick,League: Bundesliga,1 per nationality,4,SHORTAGE,1,Free Pick: drafter 3 had no legal pick in round 8
Free Pick,League: Bundesliga,1 per nationality,5,SHORTAGE,1,Free Pick: drafter 0 had no legal pick in round 7
Free Pick,League: Bundesliga,3 per nationality,2,SHORTAGE,1,Free Pick: drafter 0 had no legal pick in round 11
Free Pick,League: Bundesliga,3 per nationality,3,SHORTAGE,1,Free Pick: drafter 0 had no legal pick in round 11
Free Pick,League: Bundesliga,3 per nationality,4,SHORTAGE,1,Free Pick: drafter 3 had no legal pick in round 10
Free Pick,League: Bundesliga,3 per nationality,5,SHORTAGE,1,Free Pick: drafter 0 had no legal pick in round 9
Free Pick,League: Ligue 1 Uber Eats,No constraints,2,SHORTAGE,1,Free Pick: drafter 1 had no legal pick in round 11
Free Pick,League: Ligue 1 Uber Eats,No constraints,3,SHORTAGE,1,Free Pick: drafter 2 had no legal pick in round 9
Free Pick,League: Ligue 1 Uber Eats,No constraints,4,SHORTAGE,1,Free Pick: drafter 0 had no legal pick in round 8
Free Pick,League: Ligue 1 Uber Eats,No constraints,5,SHORTAGE,1,Free Pick: drafter 2 had no legal pick in round 7
Free Pick,League: Ligue 1 Uber Eats,1 per club,2,SHORTAGE,1,Free Pick: drafter 0 had no legal pick in round 7
Free Pick,League: Ligue 1 Uber Eats,1 per club,3,SHORTAGE,1,Free Pick: drafter 2 had no legal pick in round 7
Free Pick,League: Ligue 1 Uber Eats,1 per club,4,SHORTAGE,1,Free Pick: drafter 3 had no legal pick in round 5
Free Pick,League: Ligue 1 Uber Eats,1 per club,5,SHORTAGE,1,Free Pick: drafter 2 had no legal pick in round 5
Free Pick,League: Ligue 1 Uber Eats,3 per club,2,SHORTAGE,1,Free Pick: drafter 0 had no legal pick in round 10
Free Pick,League: Ligue 1 Uber Eats,3 per club,3,SHORTAGE,1,Free Pick: drafter 1 had no legal pick in round 9
Free Pick,League: Ligue 1 Uber Eats,3 per club,4,SHORTAGE,1,Free Pick: drafter 3 had no legal pick in round 7
Free Pick,League: Ligue 1 Uber Eats,3 per club,5,SHORTAGE,1,Free Pick: drafter 3 had no legal pick in round 6
Free Pick,League: Ligue 1 Uber Eats,1 per nationality,2,SHORTAGE,1,Free Pick: drafter 1 had no legal pick in round 9
Free Pick,League: Ligue 1 Uber Eats,1 per nationality,3,SHORTAGE,1,Free Pick: drafter 2 had no legal pick in round 8
Free Pick,League: Ligue 1 Uber Eats,1 per nationality,4,SHORTAGE,1,Free Pick: drafter 3 had no legal pick in round 7
Free Pick,League: Ligue 1 Uber Eats,1 per nationality,5,SHORTAGE,1,Free Pick: drafter 4 had no legal pick in round 6
Free Pick,League: Ligue 1 Uber Eats,3 per nationality,2,SHORTAGE,1,Free Pick: drafter 0 had no legal pick in round 10
Free Pick,League: Ligue 1 Uber Eats,3 per nationality,3,SHORTAGE,1,Free Pick: drafter 0 had no legal pick in round 9
Free Pick,League: Ligue 1 Uber Eats,3 per nationality,4,SHORTAGE,1,Free Pick: drafter 0 had no legal pick in round 7
Free Pick,League: Ligue 1 Uber Eats,3 per nationality,5,SHORTAGE,1,Free Pick: drafter 1 had no legal pick in round 7
Free Pick,Nationality: Algeria,No constraints,2,SHORTAGE,1,Free Pick: drafter 1 had no legal pick in round 2
Free Pick,Nationality: Algeria,No constraints,3,SHORTAGE,1,Free Pick: drafter 0 had no legal pick in round 2
Free Pick,Nationality: Algeria,No constraints,4,SHORTAGE,1,Free Pick: drafter 3 had no legal pick in round 1
Free Pick,Nationality: Algeria,No constraints,5,SHORTAGE,1,Free Pick: drafter 0 had no legal pick in round 1
Free Pick,Nationality: Algeria,1 per club,2,SHORTAGE,1,Free Pick: drafter 0 had no legal pick in round 2
Free Pick,Nationality: Algeria,1 per club,3,SHORTAGE,1,Free Pick: drafter 1 had no legal pick in round 2
Free Pick,Nationality: Algeria,1 per club,4,SHORTAGE,1,Free Pick: drafter 0 had no legal pick in round 1
Free Pick,Nationality: Algeria,1 per club,5,SHORTAGE,1,Free Pick: drafter 2 had no legal pick in round 1
Free Pick,Nationality: Algeria,3 per club,2,SHORTAGE,1,Free Pick: drafter 1 had no legal pick in round 2
Free Pick,Nationality: Algeria,3 per club,3,SHORTAGE,1,Free Pick: drafter 2 had no legal pick in round 2
Free Pick,Nationality: Algeria,3 per club,4,SHORTAGE,1,Free Pick: drafter 3 had no legal pick in round 1
Free Pick,Nationality: Algeria,3 per club,5,SHORTAGE,1,Free Pick: drafter 3 had no legal pick in round 1
Free Pick,Nationality: Algeria,1 per nationality,2,SHORTAGE,1,Free Pick: drafter 0 had no legal pick in round 2
Free Pick,Nationality: Algeria,1 per nationality,3,SHORTAGE,1,Free Pick: drafter 0 had no legal pick in round 2
Free Pick,Nationality: Algeria,1 per nationality,4,SHORTAGE,1,Free Pick: drafter 0 had no legal pick in round 1
Free Pick,Nationality: Algeria,1 per nationality,5,SHORTAGE,1,Free Pick: drafter 3 had no legal pick in round 1
Free Pick,Nationality: Algeria,3 per nationality,2,SHORTAGE,1,Free Pick: drafter 0 had no legal pick in round 2
Free Pick,Nationality: Algeria,3 per nationality,3,SHORTAGE,1,Free Pick: drafter 0 had no legal pick in round 2
Free Pick,Nationality: Algeria,3 per nationality,4,SHORTAGE,1,Free Pick: drafter 3 had no legal pick in round 1
Free Pick,Nationality: Algeria,3 per nationality,5,SHORTAGE,1,Free Pick: drafter 2 had no legal pick in round 1
Free Pick,Nationality: Argentina,No constraints,2,SHORTAGE,1,Free Pick: drafter 0 had no legal pick in round 9
Free Pick,Nationality: Argentina,No constraints,3,SHORTAGE,1,Free Pick: drafter 1 had no legal pick in round 8
Free Pick,Nationality: Argentina,No constraints,4,SHORTAGE,1,Free Pick: drafter 3 had no legal pick in round 6
Free Pick,Nationality: Argentina,No constraints,5,SHORTAGE,1,Free Pick: drafter 1 had no legal pick in round 5
Free Pick,Nationality: Argentina,1 per club,2,SHORTAGE,1,Free Pick: drafter 0 had no legal pick in round 9
Free Pick,Nationality: Argentina,1 per club,3,SHORTAGE,1,Free Pick: drafter 1 had no legal pick in round 8
Free Pick,Nationality: Argentina,1 per club,4,SHORTAGE,1,Free Pick: drafter 2 had no legal pick in round 7
Free Pick,Nationality: Argentina,1 per club,5,SHORTAGE,1,Free Pick: drafter 4 had no legal pick in round 5
Free Pick,Nationality: Argentina,3 per club,2,SHORTAGE,1,Free Pick: drafter 0 had no legal pick in round 10
Free Pick,Nationality: Argentina,3 per club,3,SHORTAGE,1,Free Pick: drafter 0 had no legal pick in round 8
Free Pick,Nationality: Argentina,3 per club,4,SHORTAGE,1,Free Pick: drafter 2 had no legal pick in round 7
Free Pick,Nationality: Argentina,3 per club,5,SHORTAGE,1,Free Pick: drafter 1 had no legal pick in round 5
Free Pick,Nationality: Argentina,1 per nationality,2,SHORTAGE,1,Free Pick: drafter 0 had no legal pick in round 2
Free Pick,Nationality: Argentina,1 per nationality,3,SHORTAGE,1,Free Pick: drafter 0 had no legal pick in round 2
Free Pick,Nationality: Argentina,1 per nationality,4,SHORTAGE,1,Free Pick: drafter 3 had no legal pick in round 2
Free Pick,Nationality: Argentina,1 per nationality,5,SHORTAGE,1,Free Pick: drafter 2 had no legal pick in round 2
Free Pick,Nationality: Argentina,3 per nationality,2,SHORTAGE,1,Free Pick: drafter 1 had no legal pick in round 4
Free Pick,Nationality: Argentina,3 per nationality,3,SHORTAGE,1,Free Pick: drafter 0 had no legal pick in round 4
Free Pick,Nationality: Argentina,3 per nationality,4,SHORTAGE,1,Free Pick: drafter 3 had no legal pick in round 4
Free Pick,Nationality: Argentina,3 per nationality,5,SHORTAGE,1,Free Pick: drafter 0 had no legal pick in round 4
Free Pick,Nationality: Armenia,No constraints,2,SHORTAGE,1,Free Pick: drafter 0 had no legal pick in round 1
Free Pick,Nationality: Armenia,No constraints,3,SHORTAGE,1,Free Pick: drafter 0 had no legal pick in round 1
Free Pick,Nationality: Armenia,No constraints,4,SHORTAGE,1,Free Pick: drafter 0 had no legal pick in round 1
Free Pick,Nationality: Armenia,No constraints,5,SHORTAGE,1,Free Pick: drafter 1 had no legal pick in round 1
Free Pick,Nationality: Armenia,1 per club,2,SHORTAGE,1,Free Pick: drafter 0 had no legal pick in round 1
Free Pick,Nationality: Armenia,1 per club,3,SHORTAGE,1,Free Pick: drafter 1 had no legal pick in round 1
Free Pick,Nationality: Armenia,1 per club,4,SHORTAGE,1,Free Pick: drafter 2 had no legal pick in round 1
Free Pick,Nationality: Armenia,1 per club,5,SHORTAGE,1,Free Pick: drafter 3 had no legal pick in round 1
Free Pick,Nationality: Armenia,3 per club,2,SHORTAGE,1,Free Pick: drafter 0 had no legal pick in round 1
Free Pick,Nationality: Armenia,3 per club,3,SHORTAGE,1,Free Pick: drafter 1 had no legal pick in round 1
Free Pick,Nationality: Armenia,3 per club,4,SHORTAGE,1,Free Pick: drafter 2 had no legal pick in round 1
Free Pick,Nationality: Armenia,3 per club,5,SHORTAGE,1,Free Pick: drafter 0 had no legal pick in round 1
Free Pick,Nationality: Armenia,1 per nationality,2,SHORTAGE,1,Free Pick: drafter 1 had no legal pick in round 1
Free Pick,Nationality: Armenia,1 per nationality,3,SHORTAGE,1,Free Pick: drafter 1 had no legal pick in round 1
Free Pick,Nationality: Armenia,1 per nationality,4,SHORTAGE,1,Free Pick: drafter 0 had no legal pick in round 1
Free Pick,Nationality: Armenia,1 per nationality,5,SHORTAGE,1,Free Pick: drafter 1 had no legal pick in round 1
Free Pick,Nationality: Armenia,3 per nationality,2,SHORTAGE,1,Free Pick: drafter 1 had no legal pick in round 1
Free Pick,Nationality: Armenia,3 per nationality,3,SHORTAGE,1,Free Pick: drafter 2 had no legal pick in round 1
Free Pick,Nationality: Armenia,3 per nationality,4,SHORTAGE,1,Free Pick: drafter 0 had no legal pick in round 1
Free Pick,Nationality: Armenia,3 per nationality,5,SHORTAGE,1,Free Pick: drafter 0 had no legal pick in round 1
Free Pick,Nationality: Austria,No constraints,2,SHORTAGE,1,Free Pick: drafter 1 had no legal pick in round 4
Free Pick,Nationality: Austria,No constraints,3,SHORTAGE,1,Free Pick: drafter 2 had no legal pick in round 3
Free Pick,Nationality: Austria,No constraints,4,SHORTAGE,1,Free Pick: drafter 2 had no legal pick in round 2
Free Pick,Nationality: Austria,No constraints,5,SHORTAGE,1,Free Pick: drafter 1 had no legal pick in round 2
Free Pick,Nationality: Austria,1 per club,2,SHORTAGE,1,Free Pick: drafter 0 had no legal pick in round 4
Free Pick,Nationality: Austria,1 per club,3,SHORTAGE,1,Free Pick: drafter 1 had no legal pick in round 3
Free Pick,Nationality: Austria,1 per club,4,SHORTAGE,1,Free Pick: drafter 1 had no legal pick in round 2
Free Pick,Nationality: Austria,1 per club,5,SHORTAGE,1,Free Pick: drafter 1 had no legal pick in round 2
Free Pick,Nationality: Austria,3 per club,2,SHORTAGE,1,Free Pick: drafter 0 had no legal pick in round 4
Free Pick,Nationality: Austria,3 per club,3,SHORTAGE,1,Free Pick: drafter 2 had no legal pick in round 3
Free Pick,Nationality: Austria,3 per club,4,SHORTAGE,1,Free Pick: drafter 2 had no legal pick in round 2
Free Pick,Nationality: Austria,3 per club,5,SHORTAGE,1,Free Pick: drafter 3 had no legal pick in round 2
Free Pick,Nationality: Austria,1 per nationality,2,SHORTAGE,1,Free Pick: drafter 1 had no legal pick in round 2
Free Pick,Nationality: Austria,1 per nationality,3,SHORTAGE,1,Free Pick: drafter 1 had no legal pick in round 2
Free Pick,Nationality: Austria,1 per nationality,4,SHORTAGE,1,Free Pick: drafter 2 had no legal pick in round 2
Free Pick,Nationality: Austria,1 per nationality,5,SHORTAGE,1,Free Pick: drafter 2 had no legal pick in round 2
Free Pick,Nationality: Austria,3 per nationality,2,SHORTAGE,1,Free Pick: drafter 0 had no legal pick in round 4
Free Pick,Nationality: Austria,3 per nationality,3,SHORTAGE,1,Free Pick: drafter 0 had no legal pick in round 3
Free Pick,Nationality: Austria,3 per nationality,4,SHORTAGE,1,Free Pick: drafter 3 had no legal pick in round 2
Free Pick,Nationality: Austria,3 per nationality,5,SHORTAGE,1,Free Pick: drafter 1 had no legal pick in round 2
Free Pick,Nationality: Belgium,No constraints,2,SHORTAGE,1,Free Pick: drafter 1 had no legal pick in round 5
Free Pick,Nationality: Belgium,No constraints,3,SHORTAGE,1,Free Pick: drafter 1 had no legal pick in round 4
Free Pick,Nationality: Belgium,No constraints,4,SHORTAGE,1,Free Pick: drafter 2 had no legal pick in round 3
Free Pick,Nationality: Belgium,No constraints,5,SHORTAGE,1,Free Pick: drafter 3 had no legal pick in round 3
Free Pick,Nationality: Belgium,1 per club,2,SHORTAGE,1,Free Pick: drafter 0 had no legal pick in round 5
Free Pick,Nationality: Belgium,1 per club,3,SHORTAGE,1,Free Pick: drafter 1 had no legal pick in round 4
Free Pick,Nationality: Belgium,1 per club,4,SHORTAGE,1,Free Pick: drafter 0 had no legal pick in round 3
Free Pick,Nationality: Belgium,1 per club,5,SHORTAGE,1,Free Pick: drafter 2 had no legal pick in round 3
Free Pick,Nationality: Belgium,3 per club,2,SHORTAGE,1,Free Pick: drafter 0 had no legal pick in round 4
Free Pick,Nationality: Belgium,3 per club,3,SHORTAGE,1,Free Pick: drafter 2 had no legal pick in round 4
Free Pick,Nationality: Belgium,3 per club,4,SHORTAGE,1,Free Pick: drafter 1 had no legal pick in round 3
Free Pick,Nationality: Belgium,3 per club,5,SHORTAGE,1,Free Pick: drafter 2 had no legal pick in round 3
Free Pick,Nationality: Belgium,1 per nationality,2,SHORTAGE,1,Free Pick: drafter 1 had no legal pick in round 2
Free Pick,Nationality: Belgium,1 per nationality,3,SHORTAGE,1,Free Pick: drafter 2 had no legal pick in round 2
Free Pick,Nationality: Belgium,1 per nationality,4,SHORTAGE,1,Free Pick: drafter 2 had no legal pick in round 2
Free Pick,Nationality: Belgium,1 per nationality,5,SHORTAGE,1,Free Pick: drafter 2 had no legal pick in round 2
Free Pick,Nationality: Belgium,3 per nationality,2,SHORTAGE,1,Free Pick: drafter 0 had no legal pick in round 4
Free Pick,Nationality: Belgium,3 per nationality,3,SHORTAGE,1,Free Pick: drafter 2 had no legal pick in round 4
Free Pick,Nationality: Belgium,3 per nationality,4,SHORTAGE,1,Free Pick: drafter 0 had no legal pick in round 3
Free Pick,Nationality: Belgium,3 per nationality,5,SHORTAGE,1,Free Pick: drafter 1 had no legal pick in round 3
Free Pick,Nationality: Bosnia & Herzegovina,No constraints,2,SHORTAGE,1,Free Pick: drafter 1 had no legal pick in round 2
Free Pick,Nationality: Bosnia & Herzegovina,No constraints,3,SHORTAGE,1,Free Pick: drafter 2 had no legal pick in round 1
Free Pick,Nationality: Bosnia & Herzegovina,No constraints,4,SHORTAGE,1,Free Pick: drafter 1 had no legal pick in round 1
Free Pick,Nationality: Bosnia & Herzegovina,No constraints,5,SHORTAGE,1,Free Pick: drafter 3 had no legal pick in round 1
Free Pick,Nationality: Bosnia & Herzegovina,1 per club,2,SHORTAGE,1,Free Pick: drafter 1 had no legal pick in round 2
Free Pick,Nationality: Bosnia & Herzegovina,1 per club,3,SHORTAGE,1,Free Pick: drafter 0 had no legal pick in round 1
Free Pick,Nationality: Bosnia & Herzegovina,1 per club,4,SHORTAGE,1,Free Pick: drafter 3 had no legal pick in round 1
Free Pick,Nationality: Bosnia & Herzegovina,1 per club,5,SHORTAGE,1,Free Pick: drafter 1 had no legal pick in round 1
Free Pick,Nationality: Bosnia & Herzegovina,3 per club,2,SHORTAGE,1,Free Pick: drafter 1 had no legal pick in round 2
Free Pick,Nationality: Bosnia & Herzegovina,3 per club,3,SHORTAGE,1,Free Pick: drafter 1 had no legal pick in round 1
Free Pick,Nationality: Bosnia & Herzegovina,3 per club,4,SHORTAGE,1,Free Pick: drafter 1 had no legal pick in round 1
Free Pick,Nationality: Bosnia & Herzegovina,3 per club,5,SHORTAGE,1,Free Pick: drafter 2 had no legal pick in round 1
Free Pick,Nationality: Bosnia & Herzegovina,1 per nationality,2,SHORTAGE,1,Free Pick: drafter 1 had no legal pick in round 2
Free Pick,Nationality: Bosnia & Herzegovina,1 per nationality,3,SHORTAGE,1,Free Pick: drafter 2 had no legal pick in round 1
Free Pick,Nationality: Bosnia & Herzegovina,1 per nationality,4,SHORTAGE,1,Free Pick: drafter 0 had no legal pick in round 1
Free Pick,Nationality: Bosnia & Herzegovina,1 per nationality,5,SHORTAGE,1,Free Pick: drafter 3 had no legal pick in round 1
Free Pick,Nationality: Bosnia & Herzegovina,3 per nationality,2,SHORTAGE,1,Free Pick: drafter 1 had no legal pick in round 2
Free Pick,Nationality: Bosnia & Herzegovina,3 per nationality,3,SHORTAGE,1,Free Pick: drafter 0 had no legal pick in round 1
Free Pick,Nationality: Bosnia & Herzegovina,3 per nationality,4,SHORTAGE,1,Free Pick: drafter 2 had no legal pick in round 1
Free Pick,Nationality: Bosnia & Herzegovina,3 per nationality,5,SHORTAGE,1,Free Pick: drafter 0 had no legal pick in round 1
Free Pick,Nationality: Brazil,No constraints,2,SHORTAGE,1,Free Pick: drafter 0 had no legal pick in round 11
Free Pick,Nationality: Brazil,No constraints,3,SHORTAGE,1,Free Pick: drafter 0 had no legal pick in round 10
Free Pick,Nationality: Brazil,No constraints,4,SHORTAGE,1,Free Pick: drafter 0 had no legal pick in round 9
Free Pick,Nationality: Brazil,No constraints,5,SHORTAGE,1,Free Pick: drafter 2 had no legal pick in round 7
Free Pick,Nationality: Brazil,1 per club,2,SHORTAGE,1,Free Pick: drafter 0 had no legal pick in round 11
Free Pick,Nationality: Brazil,1 per club,3,SHORTAGE,1,Free Pick: drafter 1 had no legal pick in round 10
Free Pick,Nationality: Brazil,1 per club,4,SHORTAGE,1,Free Pick: drafter 1 had no legal pick in round 9
Free Pick,Nationality: Brazil,1 per club,5,SHORTAGE,1,Free Pick: drafter 2 had no legal pick in round 8
Free Pick,Nationality: Brazil,3 per club,2,SHORTAGE,1,Free Pick: drafter 0 had no legal pick in round 11
Free Pick,Nationality: Brazil,3 per club,3,SHORTAGE,1,Free Pick: drafter 2 had no legal pick in round 9
Free Pick,Nationality: Brazil,3 per club,4,SHORTAGE,1,Free Pick: drafter 0 had no legal pick in round 9
Free Pick,Nationality: Brazil,3 per club,5,SHORTAGE,1,Free Pick: drafter 4 had no legal pick in round 7
Free Pick,Nationality: Brazil,1 per nationality,2,SHORTAGE,1,Free Pick: drafter 1 had no legal pick in round 2
Free Pick,Nationality: Brazil,1 per nationality,3,SHORTAGE,1,Free Pick: drafter 1 had no legal pick in round 2
Free Pick,Nationality: Brazil,1 per nationality,4,SHORTAGE,1,Free Pick: drafter 3 had no legal pick in round 2
Free Pick,Nationality: Brazil,1 per nationality,5,SHORTAGE,1,Free Pick: drafter 4 had no legal pick in round 2
Free Pick,Nationality: Brazil,3 per nationality,2,SHORTAGE,1,Free Pick: drafter 1 had no legal pick in round 4
Free Pick,Nationality: Brazil,3 per nationality,3,SHORTAGE,1,Free Pick: drafter 1 had no legal pick in round 4
Free Pick,Nationality: Brazil,3 per nationality,4,SHORTAGE,1,Free Pick: drafter 1 had no legal pick in round 4
Free Pick,Nationality: Brazil,3 per nationality,5,SHORTAGE,1,Free Pick: drafter 2 had no legal pick in round 4
Free Pick,Nationality: Burkina Faso,No constraints,2,SHORTAGE,1,Free Pick: drafter 1 had no legal pick in round 1
Free Pick,Nationality: Burkina Faso,No constraints,3,SHORTAGE,1,Free Pick: drafter 2 had no legal pick in round 1
Free Pick,Nationality: Burkina Faso,No constraints,4,SHORTAGE,1,Free Pick: drafter 0 had no legal pick in round 1
Free Pick,Nationality: Burkina Faso,No constraints,5,SHORTAGE,1,Free Pick: drafter 3 had no legal pick in round 1
Free Pick,Nationality: Burkina Faso,1 per club,2,SHORTAGE,1,Free Pick: drafter 0 had no legal pick in round 1
Free Pick,Nationality: Burkina Faso,1 per club,3,SHORTAGE,1,Free Pick: drafter 2 had no legal pick in round 1
Free Pick,Nationality: Burkina Faso,1 per club,4,SHORTAGE,1,Free Pick: drafter 3 had no legal pick in round 1
Free Pick,Nationality: Burkina Faso,1 per club,5,SHORTAGE,1,Free Pick: drafter 3 had no legal pick in round 1
Free Pick,Nationality: Burkina Faso,3 per club,2,SHORTAGE,1,Free Pick: drafter 1 had no legal pick in round 1
Free Pick,Nationality: Burkina Faso,3 per club,3,SHORTAGE,1,Free Pick: drafter 1 had no legal pick in round 1
Free Pick,Nationality: Burkina Faso,3 per club,4,SHORTAGE,1,Free Pick: drafter 0 had no legal pick in round 1
Free Pick,Nationality: Burkina Faso,3 per club,5,SHORTAGE,1,Free Pick: drafter 1 had no legal pick in round 1
Free Pick,Nationality: Burkina Faso,1 per nationality,2,SHORTAGE,1,Free Pick: drafter 0 had no legal pick in round 1
Free Pick,Nationality: Burkina Faso,1 per nationality,3,SHORTAGE,1,Free Pick: drafter 1 had no legal pick in round 1
Free Pick,Nationality: Burkina Faso,1 per nationality,4,SHORTAGE,1,Free Pick: drafter 1 had no legal pick in round 1
Free Pick,Nationality: Burkina Faso,1 per nationality,5,SHORTAGE,1,Free Pick: drafter 3 had no legal pick in round 1
Free Pick,Nationality: Burkina Faso,3 per nationality,2,SHORTAGE,1,Free Pick: drafter 1 had no legal pick in round 1
Free Pick,Nationality: Burkina Faso,3 per nationality,3,SHORTAGE,1,Free Pick: drafter 0 had no legal pick in round 1
Free Pick,Nationality: Burkina Faso,3 per nationality,4,SHORTAGE,1,Free Pick: drafter 3 had no legal pick in round 1
Free Pick,Nationality: Burkina Faso,3 per nationality,5,SHORTAGE,1,Free Pick: drafter 2 had no legal pick in round 1
Free Pick,Nationality: Cameroon,No constraints,2,SHORTAGE,1,Free Pick: drafter 1 had no legal pick in round 2
Free Pick,Nationality: Cameroon,No constraints,3,SHORTAGE,1,Free Pick: drafter 2 had no legal pick in round 1
Free Pick,Nationality: Cameroon,No constraints,4,SHORTAGE,1,Free Pick: drafter 0 had no legal pick in round 1
Free Pick,Nationality: Cameroon,No constraints,5,SHORTAGE,1,Free Pick: drafter 4 had no legal pick in round 1
Free Pick,Nationality: Cameroon,1 per club,2,SHORTAGE,1,Free Pick: drafter 0 had no legal pick in round 2
Free Pick,Nationality: Cameroon,1 per club,3,SHORTAGE,1,Free Pick: drafter 0 had no legal pick in round 1
Free Pick,Nationality: Cameroon,1 per club,4,SHORTAGE,1,Free Pick: drafter 3 had no legal pick in round 1
Free Pick,Nationality: Cameroon,1 per club,5,SHORTAGE,1,Free Pick: drafter 2 had no legal pick in round 1
Free Pick,Nationality: Cameroon,3 per club,2,SHORTAGE,1,Free Pick: drafter 1 had no legal pick in round 2
Free Pick,Nationality: Cameroon,3 per club,3,SHORTAGE,1,Free Pick: drafter 0 had no legal pick in round 1
Free Pick,Nationality: Cameroon,3 per club,4,SHORTAGE,1,Free Pick: drafter 0 had no legal pick in round 1
Free Pick,Nationality: Cameroon,3 per club,5,SHORTAGE,1,Free Pick: drafter 3 had no legal pick in round 1
Free Pick,Nationality: Cameroon,1 per nationality,2,SHORTAGE,1,Free Pick: drafter 1 had no legal pick in round 2
Free Pick,Nationality: Cameroon,1 per nationality,3,SHORTAGE,1,Free Pick: drafter 1 had no legal pick in round 1
Free Pick,Nationality: Cameroon,1 per nationality,4,SHORTAGE,1,Free Pick: drafter 0 had no legal pick in round 1
Free Pick,Nationality: Cameroon,1 per nationality,5,SHORTAGE,1,Free Pick: drafter 3 had no legal pick in round 1
Free Pick,Nationality: Cameroon,3 per nationality,2,SHORTAGE,1,Free Pick: drafter 1 had no legal pick in round 2
Free Pick,Nationality: Cameroon,3 per nationality,3,SHORTAGE,1,Free Pick: drafter 1 had no legal pick in round 1
Free Pick,Nationality: Cameroon,3 per nationality,4,SHORTAGE,1,Free Pick: drafter 0 had no legal pick in round 1
Free Pick,Nationality: Cameroon,3 per nationality,5,SHORTAGE,1,Free Pick: drafter 1 had no legal pick in round 1
Free Pick,Nationality: Canada,No constraints,2,SHORTAGE,1,Free Pick: drafter 1 had no legal pick in round 2
Free Pick,Nationality: Canada,No constraints,3,SHORTAGE,1,Free Pick: drafter 1 had no legal pick in round 1
Free Pick,Nationality: Canada,No constraints,4,SHORTAGE,1,Free Pick: drafter 0 had no legal pick in round 1
Free Pick,Nationality: Canada,No constraints,5,SHORTAGE,1,Free Pick: drafter 1 had no legal pick in round 1
Free Pick,Nationality: Canada,1 per club,2,SHORTAGE,1,Free Pick: drafter 1 had no legal pick in round 2
Free Pick,Nationality: Canada,1 per club,3,SHORTAGE,1,Free Pick: drafter 2 had no legal pick in round 1
Free Pick,Nationality: Canada,1 per club,4,SHORTAGE,1,Free Pick: drafter 1 had no legal pick in round 1
Free Pick,Nationality: Canada,1 per club,5,SHORTAGE,1,Free Pick: drafter 1 had no legal pick in round 1
Free Pick,Nationality: Canada,3 per club,2,SHORTAGE,1,Free Pick: drafter 0 had no legal pick in round 2
Free Pick,Nationality: Canada,3 per club,3,SHORTAGE,1,Free Pick: drafter 0 had no legal pick in round 1
Free Pick,Nationality: Canada,3 per club,4,SHORTAGE,1,Free Pick: drafter 2 had no legal pick in round 1
Free Pick,Nationality: Canada,3 per club,5,SHORTAGE,1,Free Pick: drafter 2 had no legal pick in round 1
Free Pick,Nationality: Canada,1 per nationality,2,SHORTAGE,1,Free Pick: drafter 1 had no legal pick in round 2
Free Pick,Nationality: Canada,1 per nationality,3,SHORTAGE,1,Free Pick: drafter 1 had no legal pick in round 1
Free Pick,Nationality: Canada,1 per nationality,4,SHORTAGE,1,Free Pick: drafter 3 had no legal pick in round 1
Free Pick,Nationality: Canada,1 per nationality,5,SHORTAGE,1,Free Pick: drafter 0 had no legal pick in round 1
Free Pick,Nationality: Canada,3 per nationality,2,SHORTAGE,1,Free Pick: drafter 0 had no legal pick in round 2
Free Pick,Nationality: Canada,3 per nationality,3,SHORTAGE,1,Free Pick: drafter 1 had no legal pick in round 1
Free Pick,Nationality: Canada,3 per nationality,4,SHORTAGE,1,Free Pick: drafter 1 had no legal pick in round 1
Free Pick,Nationality: Canada,3 per nationality,5,SHORTAGE,1,Free Pick: drafter 2 had no legal pick in round 1
Free Pick,Nationality: Central African Rep.,No constraints,2,SHORTAGE,1,Free Pick: drafter 1 had no legal pick in round 1
Free Pick,Nationality: Central African Rep.,No constraints,3,SHORTAGE,1,Free Pick: drafter 1 had no legal pick in round 1
Free Pick,Nationality: Central African Rep.,No constraints,4,SHORTAGE,1,Free Pick: drafter 2 had no legal pick in round 1
Free Pick,Nationality: Central African Rep.,No constraints,5,SHORTAGE,1,Free Pick: drafter 1 had no legal pick in round 1
Free Pick,Nationality: Central African Rep.,1 per club,2,SHORTAGE,1,Free Pick: drafter 0 had no legal pick in round 1
Free Pick,Nationality: Central African Rep.,1 per club,3,SHORTAGE,1,Free Pick: drafter 1 had no legal pick in round 1
Free Pick,Nationality: Central African Rep.,1 per club,4,SHORTAGE,1,Free Pick: drafter 2 had no legal pick in round 1
Free Pick,Nationality: Central African Rep.,1 per club,5,SHORTAGE,1,Free Pick: drafter 4 had no legal pick in round 1
Free Pick,Nationality: Central African Rep.,3 per club,2,SHORTAGE,1,Free Pick: drafter 0 had no legal pick in round 1
Free Pick,Nationality: Central African Rep.,3 per club,3,SHORTAGE,1,Free Pick: drafter 0 had no legal pick in round 1
Free Pick,Nationality: Central African Rep.,3 per club,4,SHORTAGE,1,Free Pick: drafter 0 had no legal pick in round 1
Free Pick,Nationality: Central African Rep.,3 per club,5,SHORTAGE,1,Free Pick: drafter 4 had no legal pick in round 1
Free Pick,Nationality: Central African Rep.,1 per nationality,2,SHORTAGE,1,Free Pick: drafter 1 had no legal pick in round 1
Free Pick,Nationality: Central African Rep.,1 per nationality,3,SHORTAGE,1,Free Pick: drafter 1 had no legal pick in round 1
Free Pick,Nationality: Central African Rep.,1 per nationality,4,SHORTAGE,1,Free Pick: drafter 0 had no legal pick in round 1
Free Pick,Nationality: Central African Rep.,1 per nationality,5,SHORTAGE,1,Free Pick: drafter 4 had no legal pick in round 1
Free Pick,Nationality: Central African Rep.,3 per nationality,2,SHORTAGE,1,Free Pick: drafter 1 had no legal pick in round 1
Free Pick,Nationality: Central African Rep.,3 per nationality,3,SHORTAGE,1,Free Pick: drafter 2 had no legal pick in round 1
Free Pick,Nationality: Central African Rep.,3 per nationality,4,SHORTAGE,1,Free Pick: drafter 3 had no legal pick in round 1
Free Pick,Nationality: Central African Rep.,3 per nationality,5,SHORTAGE,1,Free Pick: drafter 4 had no legal pick in round 1
Free Pick,Nationality: Colombia,No constraints,2,SHORTAGE,1,Free Pick: drafter 1 had no legal pick in round 2
Free Pick,Nationality: Colombia,No constraints,3,SHORTAGE,1,Free Pick: drafter 1 had no legal pick in round 2
Free Pick,Nationality: Colombia,No constraints,4,SHORTAGE,1,Free Pick: drafter 1 had no legal pick in round 1
Free Pick,Nationality: Colombia,No constraints,5,SHORTAGE,1,Free Pick: drafter 0 had no legal pick in round 1
Free Pick,Nationality: Colombia,1 per club,2,SHORTAGE,1,Free Pick: drafter 1 had no legal pick in round 2
Free Pick,Nationality: Colombia,1 per club,3,SHORTAGE,1,Free Pick: drafter 1 had no legal pick in round 2
Free Pick,Nationality: Colombia,1 per club,4,SHORTAGE,1,Free Pick: drafter 0 had no legal pick in round 1
Free Pick,Nationality: Colombia,1 per club,5,SHORTAGE,1,Free Pick: drafter 3 had no legal pick in round 1
Free Pick,Nationality: Colombia,3 per club,2,SHORTAGE,1,Free Pick: drafter 1 had no legal pick in round 2
Free Pick,Nationality: Colombia,3 per club,3,SHORTAGE,1,Free Pick: drafter 2 had no legal pick in round 2
Free Pick,Nationality: Colombia,3 per club,4,SHORTAGE,1,Free Pick: drafter 0 had no legal pick in round 1
Free Pick,Nationality: Colombia,3 per club,5,SHORTAGE,1,Free Pick: drafter 2 had no legal pick in round 1
Free Pick,Nationality: Colombia,1 per nationality,2,SHORTAGE,1,Free Pick: drafter 0 had no legal pick in round 2
Free Pick,Nationality: Colombia,1 per nationality,3,SHORTAGE,1,Free Pick: drafter 1 had no legal pick in round 2
Free Pick,Nationality: Colombia,1 per nationality,4,SHORTAGE,1,Free Pick: drafter 1 had no legal pick in round 1
Free Pick,Nationality: Colombia,1 per nationality,5,SHORTAGE,1,Free Pick: drafter 1 had no legal pick in round 1
Free Pick,Nationality: Colombia,3 per nationality,2,SHORTAGE,1,Free Pick: drafter 0 had no legal pick in round 2
Free Pick,Nationality: Colombia,3 per nationality,3,SHORTAGE,1,Free Pick: drafter 0 had no legal pick in round 2
Free Pick,Nationality: Colombia,3 per nationality,4,SHORTAGE,1,Free Pick: drafter 1 had no legal pick in round 1
Free Pick,Nationality: Colombia,3 per nationality,5,SHORTAGE,1,Free Pick: drafter 1 had no legal pick in round 1
Free Pick,Nationality: Costa Rica,No constraints,2,SHORTAGE,1,Free Pick: drafter 1 had no legal pick in round 1
Free Pick,Nationality: Costa Rica,No constraints,3,SHORTAGE,1,Free Pick: drafter 2 had no legal pick in round 1
Free Pick,Nationality: Costa Rica,No constraints,4,SHORTAGE,1,Free Pick: drafter 3 had no legal pick in round 1
Free Pick,Nationality: Costa Rica,No constraints,5,SHORTAGE,1,Free Pick: drafter 2 had no legal pick in round 1
Free Pick,Nationality: Costa Rica,1 per club,2,SHORTAGE,1,Free Pick: drafter 0 had no legal pick in round 1
Free Pick,Nationality: Costa Rica,1 per club,3,SHORTAGE,1,Free Pick: drafter 2 had no legal pick in round 1
Free Pick,Nationality: Costa Rica,1 per club,4,SHORTAGE,1,Free Pick: drafter 1 had no legal pick in round 1
Free Pick,Nationality: Costa Rica,1 per club,5,SHORTAGE,1,Free Pick: drafter 3 had no legal pick in round 1
Free Pick,Nationality: Costa Rica,3 per club,2,SHORTAGE,1,Free Pick: drafter 1 had no legal pick in round 1
Free Pick,Nationality: Costa Rica,3 per club,3,SHORTAGE,1,Free Pick: drafter 1 had no legal pick in round 1
Free Pick,Nationality: Costa Rica,3 per club,4,SHORTAGE,1,Free Pick: drafter 1 had no legal pick in round 1
Free Pick,Nationality: Costa Rica,3 per club,5,SHORTAGE,1,Free Pick: drafter 3 had no legal pick in round 1
Free Pick,Nationality: Costa Rica,1 per nationality,2,SHORTAGE,1,Free Pick: drafter 0 had no legal pick in round 1
Free Pick,Nationality: Costa Rica,1 per nationality,3,SHORTAGE,1,Free Pick: drafter 2 had no legal pick in round 1
Free Pick,Nationality: Costa Rica,1 per nationality,4,SHORTAGE,1,Free Pick: drafter 0 had no legal pick in round 1
Free Pick,Nationality: Costa Rica,1 per nationality,5,SHORTAGE,1,Free Pick: drafter 0 had no legal pick in round 1
Free Pick,Nationality: Costa Rica,3 per nationality,2,SHORTAGE,1,Free Pick: drafter 1 had no legal pick in round 1
Free Pick,Nationality: Costa Rica,3 per nationality,3,SHORTAGE,1,Free Pick: drafter 1 had no legal pick in round 1
Free Pick,Nationality: Costa Rica,3 per nationality,4,SHORTAGE,1,Free Pick: drafter 2 had no legal pick in round 1
Free Pick,Nationality: Costa Rica,3 per nationality,5,SHORTAGE,1,Free Pick: drafter 1 had no legal pick in round 1
Free Pick,Nationality: Croatia,No constraints,2,SHORTAGE,1,Free Pick: drafter 0 had no legal pick in round 4
Free Pick,Nationality: Croatia,No constraints,3,SHORTAGE,1,Free Pick: drafter 1 had no legal pick in round 3
Free Pick,Nationality: Croatia,No constraints,4,SHORTAGE,1,Free Pick: drafter 3 had no legal pick in round 2
Free Pick,Nationality: Croatia,No constraints,5,SHORTAGE,1,Free Pick: drafter 3 had no legal pick in round 2
Free Pick,Nationality: Croatia,1 per club,2,SHORTAGE,1,Free Pick: drafter 0 had no legal pick in round 4
Free Pick,Nationality: Croatia,1 per club,3,SHORTAGE,1,Free Pick: drafter 0 had no legal pick in round 3
Free Pick,Nationality: Croatia,1 per club,4,SHORTAGE,1,Free Pick: drafter 3 had no legal pick in round 2
Free Pick,Nationality: Croatia,1 per club,5,SHORTAGE,1,Free Pick: drafter 4 had no legal pick in round 2
Free Pick,Nationality: Croatia,3 per club,2,SHORTAGE,1,Free Pick: drafter 0 had no legal pick in round 4
Free Pick,Nationality: Croatia,3 per club,3,SHORTAGE,1,Free Pick: drafter 0 had no legal pick in round 3
Free Pick,Nationality: Croatia,3 per club,4,SHORTAGE,1,Free Pick: drafter 3 had no legal pick in round 2
Free Pick,Nationality: Croatia,3 per club,5,SHORTAGE,1,Free Pick: drafter 0 had no legal pick in round 2
Free Pick,Nationality: Croatia,1 per nationality,2,SHORTAGE,1,Free Pick: drafter 1 had no legal pick in round 2
Free Pick,Nationality: Croatia,1 per nationality,3,SHORTAGE,1,Free Pick: drafter 0 had no legal pick in round 2
Free Pick,Nationality: Croatia,1 per nationality,4,SHORTAGE,1,Free Pick: drafter 3 had no legal pick in round 2
Free Pick,Nationality: Croatia,1 per nationality,5,SHORTAGE,1,Free Pick: drafter 0 had no legal pick in round 2
Free Pick,Nationality: Croatia,3 per nationality,2,SHORTAGE,1,Free Pick: drafter 0 had no legal pick in round 4
Free Pick,Nationality: Croatia,3 per nationality,3,SHORTAGE,1,Free Pick: drafter 1 had no legal pick in round 3
Free Pick,Nationality: Croatia,3 per nationality,4,SHORTAGE,1,Free Pick: drafter 3 had no legal pick in round 2
Free Pick,Nationality: Croatia,3 per nationality,5,SHORTAGE,1,Free Pick: drafter 0 had no legal pick in round 2
Free Pick,Nationality: Czechia,No constraints,2,SHORTAGE,1,Free Pick: drafter 0 had no legal pick in round 1
Free Pick,Nationality: Czechia,No constraints,3,SHORTAGE,1,Free Pick: drafter 1 had no legal pick in round 1
Free Pick,Nationality: Czechia,No constraints,4,SHORTAGE,1,Free Pick: drafter 3 had no legal pick in round 1
Free Pick,Nationality: Czechia,No constraints,5,SHORTAGE,1,Free Pick: drafter 2 had no legal pick in round 1
Free Pick,Nationality: Czechia,1 per club,2,SHORTAGE,1,Free Pick: drafter 0 had no legal pick in round 1
Free Pick,Nationality: Czechia,1 per club,3,SHORTAGE,1,Free Pick: drafter 1 had no legal pick in round 1
Free Pick,Nationality: Czechia,1 per club,4,SHORTAGE,1,Free Pick: drafter 0 had no legal pick in round 1
Free Pick,Nationality: Czechia,1 per club,5,SHORTAGE,1,Free Pick: drafter 4 had no legal pick in round 1
Free Pick,Nationality: Czechia,3 per club,2,SHORTAGE,1,Free Pick: drafter 0 had no legal pick in round 1
Free Pick,Nationality: Czechia,3 per club,3,SHORTAGE,1,Free Pick: drafter 0 had no legal pick in round 1
Free Pick,Nationality: Czechia,3 per club,4,SHORTAGE,1,Free Pick: drafter 2 had no legal pick in round 1
Free Pick,Nationality: Czechia,3 per club,5,SHORTAGE,1,Free Pick: drafter 1 had no legal pick in round 1
Free Pick,Nationality: Czechia,1 per nationality,2,SHORTAGE,1,Free Pick: drafter 1 had no legal pick in round 1
Free Pick,Nationality: Czechia,1 per nationality,3,SHORTAGE,1,Free Pick: drafter 0 had no legal pick in round 1
Free Pick,Nationality: Czechia,1 per nationality,4,SHORTAGE,1,Free Pick: drafter 3 had no legal pick in round 1
Free Pick,Nationality: Czechia,1 per nationality,5,SHORTAGE,1,Free Pick: drafter 2 had no legal pick in round 1
Free Pick,Nationality: Czechia,3 per nationality,2,SHORTAGE,1,Free Pick: drafter 0 had no legal pick in round 1
Free Pick,Nationality: Czechia,3 per nationality,3,SHORTAGE,1,Free Pick: drafter 2 had no legal pick in round 1
Free Pick,Nationality: Czechia,3 per nationality,4,SHORTAGE,1,Free Pick: drafter 0 had no legal pick in round 1
Free Pick,Nationality: Czechia,3 per nationality,5,SHORTAGE,1,Free Pick: drafter 2 had no legal pick in round 1
Free Pick,Nationality: Denmark,No constraints,2,SHORTAGE,1,Free Pick: drafter 1 had no legal pick in round 4
Free Pick,Nationality: Denmark,No constraints,3,SHORTAGE,1,Free Pick: drafter 2 had no legal pick in round 3
Free Pick,Nationality: Denmark,No constraints,4,SHORTAGE,1,Free Pick: drafter 3 had no legal pick in round 2
Free Pick,Nationality: Denmark,No constraints,5,SHORTAGE,1,Free Pick: drafter 0 had no legal pick in round 2
Free Pick,Nationality: Denmark,1 per club,2,SHORTAGE,1,Free Pick: drafter 1 had no legal pick in round 3
Free Pick,Nationality: Denmark,1 per club,3,SHORTAGE,1,Free Pick: drafter 1 had no legal pick in round 3
Free Pick,Nationality: Denmark,1 per club,4,SHORTAGE,1,Free Pick: drafter 2 had no legal pick in round 2
Free Pick,Nationality: Denmark,1 per club,5,SHORTAGE,1,Free Pick: drafter 0 had no legal pick in round 2
Free Pick,Nationality: Denmark,3 per club,2,SHORTAGE,1,Free Pick: drafter 1 had no legal pick in round 4
Free Pick,Nationality: Denmark,3 per club,3,SHORTAGE,1,Free Pick: drafter 1 had no legal pick in round 3
Free Pick,Nationality: Denmark,3 per club,4,SHORTAGE,1,Free Pick: drafter 1 had no legal pick in round 2
Free Pick,Nationality: Denmark,3 per club,5,SHORTAGE,1,Free Pick: drafter 2 had no legal pick in round 2
Free Pick,Nationality: Denmark,1 per nationality,2,SHORTAGE,1,Free Pick: drafter 1 had no legal pick in round 2
Free Pick,Nationality: Denmark,1 per nationality,3,SHORTAGE,1,Free Pick: drafter 0 had no legal pick in round 2
Free Pick,Nationality: Denmark,1 per nationality,4,SHORTAGE,1,Free Pick: drafter 1 had no legal pick in round 2
Free Pick,Nationality: Denmark,1 per nationality,5,SHORTAGE,1,Free Pick: drafter 1 had no legal pick in round 2
Free Pick,Nationality: Denmark,3 per nationality,2,SHORTAGE,1,Free Pick: drafter 0 had no legal pick in round 4
Free Pick,Nationality: Denmark,3 per nationality,3,SHORTAGE,1,Free Pick: drafter 0 had no legal pick in round 3
Free Pick,Nationality: Denmark,3 per nationality,4,SHORTAGE,1,Free Pick: drafter 1 had no legal pick in round 2
Free Pick,Nationality: Denmark,3 per nationality,5,SHORTAGE,1,Free Pick: drafter 1 had no legal pick in round 2
Free Pick,Nationality: Ecuador,No constraints,2,SHORTAGE,1,Free Pick: drafter 1 had no legal pick in round 2
Free Pick,Nationality: Ecuador,No constraints,3,SHORTAGE,1,Free Pick: drafter 2 had no legal pick in round 1
Free Pick,Nationality: Ecuador,No constraints,4,SHORTAGE,1,Free Pick: drafter 0 had no legal pick in round 1
Free Pick,Nationality: Ecuador,No constraints,5,SHORTAGE,1,Free Pick: drafter 1 had no legal pick in round 1
Free Pick,Nationality: Ecuador,1 per club,2,SHORTAGE,1,Free Pick: drafter 0 had no legal pick in round 2
Free Pick,Nationality: Ecuador,1 per club,3,SHORTAGE,1,Free Pick: drafter 1 had no legal pick in round 1
Free Pick,Nationality: Ecuador,1 per club,4,SHORTAGE,1,Free Pick: drafter 2 had no legal pick in round 1
Free Pick,Nationality: Ecuador,1 per club,5,SHORTAGE,1,Free Pick: drafter 3 had no legal pick in round 1
Free Pick,Nationality: Ecuador,3 per club,2,SHORTAGE,1,Free Pick: drafter 0 had no legal pick in round 2
Free Pick,Nationality: Ecuador,3 per club,3,SHORTAGE,1,Free Pick: drafter 2 had no legal pick in round 1
Free Pick,Nationality: Ecuador,3 per club,4,SHORTAGE,1,Free Pick: drafter 2 had no legal pick in round 1
Free Pick,Nationality: Ecuador,3 per club,5,SHORTAGE,1,Free Pick: drafter 4 had no legal pick in round 1
Free Pick,Nationality: Ecuador,1 per nationality,2,SHORTAGE,1,Free Pick: drafter 0 had no legal pick in round 2
Free Pick,Nationality: Ecuador,1 per nationality,3,SHORTAGE,1,Free Pick: drafter 2 had no legal pick in round 1
Free Pick,Nationality: Ecuador,1 per nationality,4,SHORTAGE,1,Free Pick: drafter 3 had no legal pick in round 1
Free Pick,Nationality: Ecuador,1 per nationality,5,SHORTAGE,1,Free Pick: drafter 1 had no legal pick in round 1
Free Pick,Nationality: Ecuador,3 per nationality,2,SHORTAGE,1,Free Pick: drafter 1 had no legal pick in round 2
Free Pick,Nationality: Ecuador,3 per nationality,3,SHORTAGE,1,Free Pick: drafter 1 had no legal pick in round 1
Free Pick,Nationality: Ecuador,3 per nationality,4,SHORTAGE,1,Free Pick: drafter 3 had no legal pick in round 1
Free Pick,Nationality: Ecuador,3 per nationality,5,SHORTAGE,1,Free Pick: drafter 3 had no legal pick in round 1
Free Pick,Nationality: Egypt,No constraints,2,SHORTAGE,1,Free Pick: drafter 0 had no legal pick in round 1
Free Pick,Nationality: Egypt,No constraints,3,SHORTAGE,1,Free Pick: drafter 0 had no legal pick in round 1
Free Pick,Nationality: Egypt,No constraints,4,SHORTAGE,1,Free Pick: drafter 0 had no legal pick in round 1
Free Pick,Nationality: Egypt,No constraints,5,SHORTAGE,1,Free Pick: drafter 1 had no legal pick in round 1
Free Pick,Nationality: Egypt,1 per club,2,SHORTAGE,1,Free Pick: drafter 1 had no legal pick in round 1
Free Pick,Nationality: Egypt,1 per club,3,SHORTAGE,1,Free Pick: drafter 1 had no legal pick in round 1
Free Pick,Nationality: Egypt,1 per club,4,SHORTAGE,1,Free Pick: drafter 0 had no legal pick in round 1
Free Pick,Nationality: Egypt,1 per club,5,SHORTAGE,1,Free Pick: drafter 0 had no legal pick in round 1
Free Pick,Nationality: Egypt,3 per club,2,SHORTAGE,1,Free Pick: drafter 0 had no legal pick in round 1
Free Pick,Nationality: Egypt,3 per club,3,SHORTAGE,1,Free Pick: drafter 0 had no legal pick in round 1
Free Pick,Nationality: Egypt,3 per club,4,SHORTAGE,1,Free Pick: drafter 2 had no legal pick in round 1
Free Pick,Nationality: Egypt,3 per club,5,SHORTAGE,1,Free Pick: drafter 3 had no legal pick in round 1
Free Pick,Nationality: Egypt,1 per nationality,2,SHORTAGE,1,Free Pick: drafter 0 had no legal pick in round 1
Free Pick,Nationality: Egypt,1 per nationality,3,SHORTAGE,1,Free Pick: drafter 2 had no legal pick in round 1
Free Pick,Nationality: Egypt,1 per nationality,4,SHORTAGE,1,Free Pick: drafter 1 had no legal pick in round 1
Free Pick,Nationality: Egypt,1 per nationality,5,SHORTAGE,1,Free Pick: drafter 1 had no legal pick in round 1
Free Pick,Nationality: Egypt,3 per nationality,2,SHORTAGE,1,Free Pick: drafter 1 had no legal pick in round 1
Free Pick,Nationality: Egypt,3 per nationality,3,SHORTAGE,1,Free Pick: drafter 1 had no legal pick in round 1
Free Pick,Nationality: Egypt,3 per nationality,4,SHORTAGE,1,Free Pick: drafter 3 had no legal pick in round 1
Free Pick,Nationality: Egypt,3 per nationality,5,SHORTAGE,1,Free Pick: drafter 0 had no legal pick in round 1
Free Pick,Nationality: England,No constraints,2,SHORTAGE,1,Free Pick: drafter 0 had no legal pick in round 11
Free Pick,Nationality: England,No constraints,3,SHORTAGE,1,Free Pick: drafter 2 had no legal pick in round 11
Free Pick,Nationality: England,No constraints,4,SHORTAGE,1,Free Pick: drafter 1 had no legal pick in round 10
Free Pick,Nationality: England,No constraints,5,SHORTAGE,1,Free Pick: drafter 4 had no legal pick in round 10
Free Pick,Nationality: England,1 per club,2,SHORTAGE,1,Free Pick: drafter 0 had no legal pick in round 11
Free Pick,Nationality: England,1 per club,3,SHORTAGE,1,Free Pick: drafter 0 had no legal pick in round 10
Free Pick,Nationality: England,1 per club,4,SHORTAGE,1,Free Pick: drafter 0 had no legal pick in round 9
Free Pick,Nationality: England,1 per club,5,SHORTAGE,1,Free Pick: drafter 4 had no legal pick in round 9
Free Pick,Nationality: England,3 per club,2,SHORTAGE,1,Free Pick: drafter 1 had no legal pick in round 11
Free Pick,Nationality: England,3 per club,3,SHORTAGE,1,Free Pick: drafter 1 had no legal pick in round 11
Free Pick,Nationality: England,3 per club,4,SHORTAGE,1,Free Pick: drafter 2 had no legal pick in round 10
Free Pick,Nationality: England,3 per club,5,SHORTAGE,1,Free Pick: drafter 2 had no legal pick in round 9
Free Pick,Nationality: England,1 per nationality,2,SHORTAGE,1,Free Pick: drafter 0 had no legal pick in round 2
Free Pick,Nationality: England,1 per nationality,3,SHORTAGE,1,Free Pick: drafter 2 had no legal pick in round 2
Free Pick,Nationality: England,1 per nationality,4,SHORTAGE,1,Free Pick: drafter 0 had no legal pick in round 2
Free Pick,Nationality: England,1 per nationality,5,SHORTAGE,1,Free Pick: drafter 3 had no legal pick in round 2
Free Pick,Nationality: England,3 per nationality,2,SHORTAGE,1,Free Pick: drafter 1 had no legal pick in round 4
Free Pick,Nationality: England,3 per nationality,3,SHORTAGE,1,Free Pick: drafter 2 had no legal pick in round 4
Free Pick,Nationality: England,3 per nationality,4,SHORTAGE,1,Free Pick: drafter 1 had no legal pick in round 4
Free Pick,Nationality: England,3 per nationality,5,SHORTAGE,1,Free Pick: drafter 4 had no legal pick in round 4
Free Pick,Nationality: France,No constraints,2,SHORTAGE,1,Free Pick: drafter 0 had no legal pick in round 11
Free Pick,Nationality: France,No constraints,3,SHORTAGE,1,Free Pick: drafter 1 had no legal pick in round 10
Free Pick,Nationality: France,No constraints,4,SHORTAGE,1,Free Pick: drafter 0 had no legal pick in round 9
Free Pick,Nationality: France,No constraints,5,SHORTAGE,1,Free Pick: drafter 4 had no legal pick in round 9
Free Pick,Nationality: France,1 per club,2,SHORTAGE,1,Free Pick: drafter 1 had no legal pick in round 10
Free Pick,Nationality: France,1 per club,3,SHORTAGE,1,Free Pick: drafter 0 had no legal pick in round 10
Free Pick,Nationality: France,1 per club,4,SHORTAGE,1,Free Pick: drafter 0 had no legal pick in round 9
Free Pick,Nationality: France,1 per club,5,SHORTAGE,1,Free Pick: drafter 1 had no legal pick in round 8
Free Pick,Nationality: France,3 per club,2,SHORTAGE,1,Free Pick: drafter 0 had no legal pick in round 11
Free Pick,Nationality: France,3 per club,3,SHORTAGE,1,Free Pick: drafter 2 had no legal pick in round 10
Free Pick,Nationality: France,3 per club,4,SHORTAGE,1,Free Pick: drafter 0 had no legal pick in round 9
Free Pick,Nationality: France,3 per club,5,SHORTAGE,1,Free Pick: drafter 1 had no legal pick in round 8
Free Pick,Nationality: France,1 per nationality,2,SHORTAGE,1,Free Pick: drafter 0 had no legal pick in round 2
Free Pick,Nationality: France,1 per nationality,3,SHORTAGE,1,Free Pick: drafter 2 had no legal pick in round 2
Free Pick,Nationality: France,1 per nationality,4,SHORTAGE,1,Free Pick: drafter 0 had no legal pick in round 2
Free Pick,Nationality: France,1 per nationality,5,SHORTAGE,1,Free Pick: drafter 2 had no legal pick in round 2
Free Pick,Nationality: France,3 per nationality,2,SHORTAGE,1,Free Pick: drafter 1 had no legal pick in round 4
Free Pick,Nationality: France,3 per nationality,3,SHORTAGE,1,Free Pick: drafter 2 had no legal pick in round 4
Free Pick,Nationality: France,3 per nationality,4,SHORTAGE,1,Free Pick: drafter 2 had no legal pick in round 4
Free Pick,Nationality: France,3 per nationality,5,SHORTAGE,1,Free Pick: drafter 0 had no legal pick in round 4
Free Pick,Nationality: Georgia,No constraints,2,SHORTAGE,1,Free Pick: drafter 0 had no legal pick in round 2
Free Pick,Nationality: Georgia,No constraints,3,SHORTAGE,1,Free Pick: drafter 2 had no legal pick in round 1
Free Pick,Nationality: Georgia,No constraints,4,SHORTAGE,1,Free Pick: drafter 2 had no legal pick in round 1
Free Pick,Nationality: Georgia,No constraints,5,SHORTAGE,1,Free Pick: drafter 2 had no legal pick in round 1
Free Pick,Nationality: Georgia,1 per club,2,SHORTAGE,1,Free Pick: drafter 1 had no legal pick in round 2
Free Pick,Nationality: Georgia,1 per club,3,SHORTAGE,1,Free Pick: drafter 1 had no legal pick in round 1
Free Pick,Nationality: Georgia,1 per club,4,SHORTAGE,1,Free Pick: drafter 3 had no legal pick in round 1
Free Pick,Nationality: Georgia,1 per club,5,SHORTAGE,1,Free Pick: drafter 4 had no legal pick in round 1
Free Pick,Nationality: Georgia,3 per club,2,SHORTAGE,1,Free Pick: drafter 0 had no legal pick in round 2
Free Pick,Nationality: Georgia,3 per club,3,SHORTAGE,1,Free Pick: drafter 2 had no legal pick in round 1
Free Pick,Nationality: Georgia,3 per club,4,SHORTAGE,1,Free Pick: drafter 1 had no legal pick in round 1
Free Pick,Nationality: Georgia,3 per club,5,SHORTAGE,1,Free Pick: drafter 3 had no legal pick in round 1
Free Pick,Nationality: Georgia,1 per nationality,2,SHORTAGE,1,Free Pick: drafter 1 had no legal pick in round 2
Free Pick,Nationality: Georgia,1 per nationality,3,SHORTAGE,1,Free Pick: drafter 1 had no legal pick in round 1
Free Pick,Nationality: Georgia,1 per nationality,4,SHORTAGE,1,Free Pick: drafter 2 had no legal pick in round 1
Free Pick,Nationality: Georgia,1 per nationality,5,SHORTAGE,1,Free Pick: drafter 4 had no legal pick in round 1
Free Pick,Nationality: Georgia,3 per nationality,2,SHORTAGE,1,Free Pick: drafter 1 had no legal pick in round 2
Free Pick,Nationality: Georgia,3 per nationality,3,SHORTAGE,1,Free Pick: drafter 2 had no legal pick in round 1
Free Pick,Nationality: Georgia,3 per nationality,4,SHORTAGE,1,Free Pick: drafter 1 had no legal pick in round 1
Free Pick,Nationality: Georgia,3 per nationality,5,SHORTAGE,1,Free Pick: drafter 3 had no legal pick in round 1
Free Pick,Nationality: Germany,No constraints,2,SHORTAGE,1,Free Pick: drafter 0 had no legal pick in round 11
Free Pick,Nationality: Germany,No constraints,3,SHORTAGE,1,Free Pick: drafter 0 had no legal pick in round 10
Free Pick,Nationality: Germany,No constraints,4,SHORTAGE,1,Free Pick: drafter 1 had no legal pick in round 8
Free Pick,Nationality: Germany,No constraints,5,SHORTAGE,1,Free Pick: drafter 0 had no legal pick in round 7
Free Pick,Nationality: Germany,1 per club,2,SHORTAGE,1,Free Pick: drafter 1 had no legal pick in round 10
Free Pick,Nationality: Germany,1 per club,3,SHORTAGE,1,Free Pick: drafter 2 had no legal pick in round 9
Free Pick,Nationality: Germany,1 per club,4,SHORTAGE,1,Free Pick: drafter 2 had no legal pick in round 8
Free Pick,Nationality: Germany,1 per club,5,SHORTAGE,1,Free Pick: drafter 2 had no legal pick in round 7
Free Pick,Nationality: Germany,3 per club,2,SHORTAGE,1,Free Pick: drafter 0 had no legal pick in round 11
Free Pick,Nationality: Germany,3 per club,3,SHORTAGE,1,Free Pick: drafter 2 had no legal pick in round 9
Free Pick,Nationality: Germany,3 per club,4,SHORTAGE,1,Free Pick: drafter 3 had no legal pick in round 8
Free Pick,Nationality: Germany,3 per club,5,SHORTAGE,1,Free Pick: drafter 4 had no legal pick in round 7
Free Pick,Nationality: Germany,1 per nationality,2,SHORTAGE,1,Free Pick: drafter 1 had no legal pick in round 2
Free Pick,Nationality: Germany,1 per nationality,3,SHORTAGE,1,Free Pick: drafter 2 had no legal pick in round 2
Free Pick,Nationality: Germany,1 per nationality,4,SHORTAGE,1,Free Pick: drafter 0 had no legal pick in round 2
Free Pick,Nationality: Germany,1 per nationality,5,SHORTAGE,1,Free Pick: drafter 1 had no legal pick in round 2
Free Pick,Nationality: Germany,3 per nationality,2,SHORTAGE,1,Free Pick: drafter 0 had no legal pick in round 4
Free Pick,Nationality: Germany,3 per nationality,3,SHORTAGE,1,Free Pick: drafter 1 had no legal pick in round 4
Free Pick,Nationality: Germany,3 per nationality,4,SHORTAGE,1,Free Pick: drafter 1 had no legal pick in round 4
Free Pick,Nationality: Germany,3 per nationality,5,SHORTAGE,1,Free Pick: drafter 4 had no legal pick in round 4
Free Pick,Nationality: Ghana,No constraints,2,SHORTAGE,1,Free Pick: drafter 0 had no legal pick in round 3
Free Pick,Nationality: Ghana,No constraints,3,SHORTAGE,1,Free Pick: drafter 2 had no legal pick in round 2
Free Pick,Nationality: Ghana,No constraints,4,SHORTAGE,1,Free Pick: drafter 3 had no legal pick in round 2
Free Pick,Nationality: Ghana,No constraints,5,SHORTAGE,1,Free Pick: drafter 3 had no legal pick in round 1
Free Pick,Nationality: Ghana,1 per club,2,SHORTAGE,1,Free Pick: drafter 1 had no legal pick in round 3
Free Pick,Nationality: Ghana,1 per club,3,SHORTAGE,1,Free Pick: drafter 2 had no legal pick in round 2
Free Pick,Nationality: Ghana,1 per club,4,SHORTAGE,1,Free Pick: drafter 3 had no legal pick in round 2
Free Pick,Nationality: Ghana,1 per club,5,SHORTAGE,1,Free Pick: drafter 3 had no legal pick in round 1
Free Pick,Nationality: Ghana,3 per club,2,SHORTAGE,1,Free Pick: drafter 1 had no legal pick in round 3
Free Pick,Nationality: Ghana,3 per club,3,SHORTAGE,1,Free Pick: drafter 1 had no legal pick in round 2
Free Pick,Nationality: Ghana,3 per club,4,SHORTAGE,1,Free Pick: drafter 0 had no legal pick in round 2
Free Pick,Nationality: Ghana,3 per club,5,SHORTAGE,1,Free Pick: drafter 0 had no legal pick in round 1
Free Pick,Nationality: Ghana,1 per nationality,2,SHORTAGE,1,Free Pick: drafter 0 had no legal pick in round 2
Free Pick,Nationality: Ghana,1 per nationality,3,SHORTAGE,1,Free Pick: drafter 0 had no legal pick in round 2
Free Pick,Nationality: Ghana,1 per nationality,4,SHORTAGE,1,Free Pick: drafter 2 had no legal pick in round 2
Free Pick,Nationality: Ghana,1 per nationality,5,SHORTAGE,1,Free Pick: drafter 3 had no legal pick in round 1
Free Pick,Nationality: Ghana,3 per nationality,2,SHORTAGE,1,Free Pick: drafter 1 had no legal pick in round 3
Free Pick,Nationality: Ghana,3 per nationality,3,SHORTAGE,1,Free Pick: drafter 1 had no legal pick in round 2
Free Pick,Nationality: Ghana,3 per nationality,4,SHORTAGE,1,Free Pick: drafter 0 had no legal pick in round 2
Free Pick,Nationality: Ghana,3 per nationality,5,SHORTAGE,1,Free Pick: drafter 4 had no legal pick in round 1
Free Pick,Nationality: Greece,No constraints,2,SHORTAGE,1,Free Pick: drafter 1 had no legal pick in round 1
Free Pick,Nationality: Greece,No constraints,3,SHORTAGE,1,Free Pick: drafter 1 had no legal pick in round 1
Free Pick,Nationality: Greece,No constraints,4,SHORTAGE,1,Free Pick: drafter 2 had no legal pick in round 1
Free Pick,Nationality: Greece,No constraints,5,SHORTAGE,1,Free Pick: drafter 0 had no legal pick in round 1
Free Pick,Nationality: Greece,1 per club,2,SHORTAGE,1,Free Pick: drafter 1 had no legal pick in round 1
Free Pick,Nationality: Greece,1 per club,3,SHORTAGE,1,Free Pick: drafter 2 had no legal pick in round 1
Free Pick,Nationality: Greece,1 per club,4,SHORTAGE,1,Free Pick: drafter 0 had no legal pick in round 1
Free Pick,Nationality: Greece,1 per club,5,SHORTAGE,1,Free Pick: drafter 4 had no legal pick in round 1
Free Pick,Nationality: Greece,3 per club,2,SHORTAGE,1,Free Pick: drafter 0 had no legal pick in round 1
Free Pick,Nationality: Greece,3 per club,3,SHORTAGE,1,Free Pick: drafter 2 had no legal pick in round 1
Free Pick,Nationality: Greece,3 per club,4,SHORTAGE,1,Free Pick: drafter 0 had no legal pick in round 1
Free Pick,Nationality: Greece,3 per club,5,SHORTAGE,1,Free Pick: drafter 0 had no legal pick in round 1
Free Pick,Nationality: Greece,1 per nationality,2,SHORTAGE,1,Free Pick: drafter 0 had no legal pick in round 1
Free Pick,Nationality: Greece,1 per nationality,3,SHORTAGE,1,Free Pick: drafter 1 had no legal pick in round 1
Free Pick,Nationality: Greece,1 per nationality,4,SHORTAGE,1,Free Pick: drafter 3 had no legal pick in round 1
Free Pick,Nationality: Greece,1 per nationality,5,SHORTAGE,1,Free Pick: drafter 4 had no legal pick in round 1
Free Pick,Nationality: Greece,3 per nationality,2,SHORTAGE,1,Free Pick: drafter 0 had no legal pick in round 1
Free Pick,Nationality: Greece,3 per nationality,3,SHORTAGE,1,Free Pick: drafter 0 had no legal pick in round 1
Free Pick,Nationality: Greece,3 per nationality,4,SHORTAGE,1,Free Pick: drafter 1 had no legal pick in round 1
Free Pick,Nationality: Greece,3 per nationality,5,SHORTAGE,1,Free Pick: drafter 0 had no legal pick in round 1
Free Pick,Nationality: Guinea,No constraints,2,SHORTAGE,1,Free Pick: drafter 1 had no legal pick in round 2
Free Pick,Nationality: Guinea,No constraints,3,SHORTAGE,1,Free Pick: drafter 2 had no legal pick in round 1
Free Pick,Nationality: Guinea,No constraints,4,SHORTAGE,1,Free Pick: drafter 2 had no legal pick in round 1
Free Pick,Nationality: Guinea,No constraints,5,SHORTAGE,1,Free Pick: drafter 2 had no legal pick in round 1
Free Pick,Nationality: Guinea,1 per club,2,SHORTAGE,1,Free Pick: drafter 0 had no legal pick in round 2
Free Pick,Nationality: Guinea,1 per club,3,SHORTAGE,1,Free Pick: drafter 0 had no legal pick in round 1
Free Pick,Nationality: Guinea,1 per club,4,SHORTAGE,1,Free Pick: drafter 3 had no legal pick in round 1
Free Pick,Nationality: Guinea,1 per club,5,SHORTAGE,1,Free Pick: drafter 2 had no legal pick in round 1
Free Pick,Nationality: Guinea,3 per club,2,SHORTAGE,1,Free Pick: drafter 1 had no legal pick in round 2
Free Pick,Nationality: Guinea,3 per club,3,SHORTAGE,1,Free Pick: drafter 1 had no legal pick in round 1
Free Pick,Nationality: Guinea,3 per club,4,SHORTAGE,1,Free Pick: drafter 0 had no legal pick in round 1
Free Pick,Nationality: Guinea,3 per club,5,SHORTAGE,1,Free Pick: drafter 3 had no legal pick in round 1
Free Pick,Nationality: Guinea,1 per nationality,2,SHORTAGE,1,Free Pick: drafter 0 had no legal pick in round 2
Free Pick,Nationality: Guinea,1 per nationality,3,SHORTAGE,1,Free Pick: drafter 1 had no legal pick in round 1
Free Pick,Nationality: Guinea,1 per nationality,4,SHORTAGE,1,Free Pick: drafter 1 had no legal pick in round 1
Free Pick,Nationality: Guinea,1 per nationality,5,SHORTAGE,1,Free Pick: drafter 4 had no legal pick in round 1
Free Pick,Nationality: Guinea,3 per nationality,2,SHORTAGE,1,Free Pick: drafter 0 had no legal pick in round 2
Free Pick,Nationality: Guinea,3 per nationality,3,SHORTAGE,1,Free Pick: drafter 0 had no legal pick in round 1
Free Pick,Nationality: Guinea,3 per nationality,4,SHORTAGE,1,Free Pick: drafter 1 had no legal pick in round 1
Free Pick,Nationality: Guinea,3 per nationality,5,SHORTAGE,1,Free Pick: drafter 3 had no legal pick in round 1
Free Pick,Nationality: Guinea-Bissau,No constraints,2,SHORTAGE,1,Free Pick: drafter 0 had no legal pick in round 1
Free Pick,Nationality: Guinea-Bissau,No constraints,3,SHORTAGE,1,Free Pick: drafter 1 had no legal pick in round 1
Free Pick,Nationality: Guinea-Bissau,No constraints,4,SHORTAGE,1,Free Pick: drafter 1 had no legal pick in round 1
Free Pick,Nationality: Guinea-Bissau,No constraints,5,SHORTAGE,1,Free Pick: drafter 0 had no legal pick in round 1
Free Pick,Nationality: Guinea-Bissau,1 per club,2,SHORTAGE,1,Free Pick: drafter 1 had no legal pick in round 1
Free Pick,Nationality: Guinea-Bissau,1 per club,3,SHORTAGE,1,Free Pick: drafter 2 had no legal pick in round 1
Free Pick,Nationality: Guinea-Bissau,1 per club,4,SHORTAGE,1,Free Pick: drafter 3 had no legal pick in round 1
Free Pick,Nationality: Guinea-Bissau,1 per club,5,SHORTAGE,1,Free Pick: drafter 4 had no legal pick in round 1
Free Pick,Nationality: Guinea-Bissau,3 per club,2,SHORTAGE,1,Free Pick: drafter 1 had no legal pick in round 1
Free Pick,Nationality: Guinea-Bissau,3 per club,3,SHORTAGE,1,Free Pick: drafter 1 had no legal pick in round 1
Free Pick,Nationality: Guinea-Bissau,3 per club,4,SHORTAGE,1,Free Pick: drafter 3 had no legal pick in round 1
Free Pick,Nationality: Guinea-Bissau,3 per club,5,SHORTAGE,1,Free Pick: drafter 3 had no legal pick in round 1
Free Pick,Nationality: Guinea-Bissau,1 per nationality,2,SHORTAGE,1,Free Pick: drafter 1 had no legal pick in round 1
Free Pick,Nationality: Guinea-Bissau,1 per nationality,3,SHORTAGE,1,Free Pick: drafter 2 had no legal pick in round 1
Free Pick,Nationality: Guinea-Bissau,1 per nationality,4,SHORTAGE,1,Free Pick: drafter 0 had no legal pick in round 1
Free Pick,Nationality: Guinea-Bissau,1 per nationality,5,SHORTAGE,1,Free Pick: drafter 4 had no legal pick in round 1
Free Pick,Nationality: Guinea-Bissau,3 per nationality,2,SHORTAGE,1,Free Pick: drafter 0 had no legal pick in round 1
Free Pick,Nationality: Guinea-Bissau,3 per nationality,3,SHORTAGE,1,Free Pick: drafter 2 had no legal pick in round 1
Free Pick,Nationality: Guinea-Bissau,3 per nationality,4,SHORTAGE,1,Free Pick: drafter 2 had no legal pick in round 1
Free Pick,Nationality: Guinea-Bissau,3 per nationality,5,SHORTAGE,1,Free Pick: drafter 3 had no legal pick in round 1
Free Pick,Nationality: Hungary,No constraints,2,SHORTAGE,1,Free Pick: drafter 1 had no legal pick in round 2
Free Pick,Nationality: Hungary,No constraints,3,SHORTAGE,1,Free Pick: drafter 1 had no legal pick in round 1
Free Pick,Nationality: Hungary,No constraints,4,SHORTAGE,1,Free Pick: drafter 1 had no legal pick in round 1
Free Pick,Nationality: Hungary,No constraints,5,SHORTAGE,1,Free Pick: drafter 4 had no legal pick in round 1
Free Pick,Nationality: Hungary,1 per club,2,SHORTAGE,1,Free Pick: drafter 1 had no legal pick in round 2
Free Pick,Nationality: Hungary,1 per club,3,SHORTAGE,1,Free Pick: drafter 0 had no legal pick in round 1
Free Pick,Nationality: Hungary,1 per club,4,SHORTAGE,1,Free Pick: drafter 1 had no legal pick in round 1
Free Pick,Nationality: Hungary,1 per club,5,SHORTAGE,1,Free Pick: drafter 0 had no legal pick in round 1
Free Pick,Nationality: Hungary,3 per club,2,SHORTAGE,1,Free Pick: drafter 1 had no legal pick in round 2
Free Pick,Nationality: Hungary,3 per club,3,SHORTAGE,1,Free Pick: drafter 1 had no legal pick in round 1
Free Pick,Nationality: Hungary,3 per club,4,SHORTAGE,1,Free Pick: drafter 2 had no legal pick in round 1
Free Pick,Nationality: Hungary,3 per club,5,SHORTAGE,1,Free Pick: drafter 4 had no legal pick in round 1
Free Pick,Nationality: Hungary,1 per nationality,2,SHORTAGE,1,Free Pick: drafter 0 had no legal pick in round 2
Free Pick,Nationality: Hungary,1 per nationality,3,SHORTAGE,1,Free Pick: drafter 1 had no legal pick in round 1
Free Pick,Nationality: Hungary,1 per nationality,4,SHORTAGE,1,Free Pick: drafter 3 had no legal pick in round 1
Free Pick,Nationality: Hungary,1 per nationality,5,SHORTAGE,1,Free Pick: drafter 4 had no legal pick in round 1
Free Pick,Nationality: Hungary,3 per nationality,2,SHORTAGE,1,Free Pick: drafter 1 had no legal pick in round 2
Free Pick,Nationality: Hungary,3 per nationality,3,SHORTAGE,1,Free Pick: drafter 0 had no legal pick in round 1
Free Pick,Nationality: Hungary,3 per nationality,4,SHORTAGE,1,Free Pick: drafter 1 had no legal pick in round 1
Free Pick,Nationality: Hungary,3 per nationality,5,SHORTAGE,1,Free Pick: drafter 1 had no legal pick in round 1
Free Pick,Nationality: Iceland,No constraints,2,SHORTAGE,1,Free Pick: drafter 0 had no legal pick in round 1
Free Pick,Nationality: Iceland,No constraints,3,SHORTAGE,1,Free Pick: drafter 1 had no legal pick in round 1
Free Pick,Nationality: Iceland,No constraints,4,SHORTAGE,1,Free Pick: drafter 3 had no legal pick in round 1
Free Pick,Nationality: Iceland,No constraints,5,SHORTAGE,1,Free Pick: drafter 2 had no legal pick in round 1
Free Pick,Nationality: Iceland,1 per club,2,SHORTAGE,1,Free Pick: drafter 1 had no legal pick in round 1
Free Pick,Nationality: Iceland,1 per club,3,SHORTAGE,1,Free Pick: drafter 1 had no legal pick in round 1
Free Pick,Nationality: Iceland,1 per club,4,SHORTAGE,1,Free Pick: drafter 1 had no legal pick in round 1
Free Pick,Nationality: Iceland,1 per club,5,SHORTAGE,1,Free Pick: drafter 0 had no legal pick in round 1
Free Pick,Nationality: Iceland,3 per club,2,SHORTAGE,1,Free Pick: drafter 0 had no legal pick in round 1
Free Pick,Nationality: Iceland,3 per club,3,SHORTAGE,1,Free Pick: drafter 1 had no legal pick in round 1
Free Pick,Nationality: Iceland,3 per club,4,SHORTAGE,1,Free Pick: drafter 3 had no legal pick in round 1
Free Pick,Nationality: Iceland,3 per club,5,SHORTAGE,1,Free Pick: drafter 2 had no legal pick in round 1
Free Pick,Nationality: Iceland,1 per nationality,2,SHORTAGE,1,Free Pick: drafter 0 had no legal pick in round 1
Free Pick,Nationality: Iceland,1 per nationality,3,SHORTAGE,1,Free Pick: drafter 2 had no legal pick in round 1
Free Pick,Nationality: Iceland,1 per nationality,4,SHORTAGE,1,Free Pick: drafter 1 had no legal pick in round 1
Free Pick,Nationality: Iceland,1 per nationality,5,SHORTAGE,1,Free Pick: drafter 0 had no legal pick in round 1
Free Pick,Nationality: Iceland,3 per nationality,2,SHORTAGE,1,Free Pick: drafter 0 had no legal pick in round 1
Free Pick,Nationality: Iceland,3 per nationality,3,SHORTAGE,1,Free Pick: drafter 2 had no legal pick in round 1
Free Pick,Nationality: Iceland,3 per nationality,4,SHORTAGE,1,Free Pick: drafter 3 had no legal pick in round 1
Free Pick,Nationality: Iceland,3 per nationality,5,SHORTAGE,1,Free Pick: drafter 1 had no legal pick in round 1
Free Pick,Nationality: Italy,No constraints,2,SHORTAGE,1,Free Pick: drafter 1 had no legal pick in round 11
Free Pick,Nationality: Italy,No constraints,3,SHORTAGE,1,Free Pick: drafter 0 had no legal pick in round 11
Free Pick,Nationality: Italy,No constraints,4,SHORTAGE,1,Free Pick: drafter 0 had no legal pick in round 9
Free Pick,Nationality: Italy,No constraints,5,SHORTAGE,1,Free Pick: drafter 1 had no legal pick in round 9
Free Pick,Nationality: Italy,1 per club,2,SHORTAGE,1,Free Pick: drafter 0 had no legal pick in round 11
Free Pick,Nationality: Italy,1 per club,3,SHORTAGE,1,Free Pick: drafter 2 had no legal pick in round 9
Free Pick,Nationality: Italy,1 per club,4,SHORTAGE,1,Free Pick: drafter 2 had no legal pick in round 10
Free Pick,Nationality: Italy,1 per club,5,SHORTAGE,1,Free Pick: drafter 2 had no legal pick in round 8
Free Pick,Nationality: Italy,3 per club,2,SHORTAGE,1,Free Pick: drafter 1 had no legal pick in round 11
Free Pick,Nationality: Italy,3 per club,3,SHORTAGE,1,Free Pick: drafter 0 had no legal pick in round 10
Free Pick,Nationality: Italy,3 per club,4,SHORTAGE,1,Free Pick: drafter 2 had no legal pick in round 10
Free Pick,Nationality: Italy,3 per club,5,SHORTAGE,1,Free Pick: drafter 2 had no legal pick in round 9
Free Pick,Nationality: Italy,1 per nationality,2,SHORTAGE,1,Free Pick: drafter 0 had no legal pick in round 2
Free Pick,Nationality: Italy,1 per nationality,3,SHORTAGE,1,Free Pick: drafter 1 had no legal pick in round 2
Free Pick,Nationality: Italy,1 per nationality,4,SHORTAGE,1,Free Pick: drafter 1 had no legal pick in round 2
Free Pick,Nationality: Italy,1 per nationality,5,SHORTAGE,1,Free Pick: drafter 3 had no legal pick in round 2
Free Pick,Nationality: Italy,3 per nationality,2,SHORTAGE,1,Free Pick: drafter 0 had no legal pick in round 4
Free Pick,Nationality: Italy,3 per nationality,3,SHORTAGE,1,Free Pick: drafter 2 had no legal pick in round 4
Free Pick,Nationality: Italy,3 per nationality,4,SHORTAGE,1,Free Pick: drafter 1 had no legal pick in round 4
Free Pick,Nationality: Italy,3 per nationality,5,SHORTAGE,1,Free Pick: drafter 1 had no legal pick in round 4
Free Pick,Nationality: Ivory Coast,No constraints,2,SHORTAGE,1,Free Pick: drafter 1 had no legal pick in round 5
Free Pick,Nationality: Ivory Coast,No constraints,3,SHORTAGE,1,Free Pick: drafter 1 had no legal pick in round 3
Free Pick,Nationality: Ivory Coast,No constraints,4,SHORTAGE,1,Free Pick: drafter 1 had no legal pick in round 3
Free Pick,Nationality: Ivory Coast,No constraints,5,SHORTAGE,1,Free Pick: drafter 2 had no legal pick in round 2
Free Pick,Nationality: Ivory Coast,1 per club,2,SHORTAGE,1,Free Pick: drafter 0 had no legal pick in round 4
Free Pick,Nationality: Ivory Coast,1 per club,3,SHORTAGE,1,Free Pick: drafter 0 had no legal pick in round 3
Free Pick,Nationality: Ivory Coast,1 per club,4,SHORTAGE,1,Free Pick: drafter 1 had no legal pick in round 3
Free Pick,Nationality: Ivory Coast,1 per club,5,SHORTAGE,1,Free Pick: drafter 1 had no legal pick in round 2
Free Pick,Nationality: Ivory Coast,3 per club,2,SHORTAGE,1,Free Pick: drafter 0 had no legal pick in round 5
Free Pick,Nationality: Ivory Coast,3 per club,3,SHORTAGE,1,Free Pick: drafter 1 had no legal pick in round 3
Free Pick,Nationality: Ivory Coast,3 per club,4,SHORTAGE,1,Free Pick: drafter 3 had no legal pick in round 3
Free Pick,Nationality: Ivory Coast,3 per club,5,SHORTAGE,1,Free Pick: drafter 2 had no legal pick in round 2
Free Pick,Nationality: Ivory Coast,1 per nationality,2,SHORTAGE,1,Free Pick: drafter 1 had no legal pick in round 2
Free Pick,Nationality: Ivory Coast,1 per nationality,3,SHORTAGE,1,Free Pick: drafter 2 had no legal pick in round 2
Free Pick,Nationality: Ivory Coast,1 per nationality,4,SHORTAGE,1,Free Pick: drafter 0 had no legal pick in round 2
Free Pick,Nationality: Ivory Coast,1 per nationality,5,SHORTAGE,1,Free Pick: drafter 2 had no legal pick in round 2
Free Pick,Nationality: Ivory Coast,3 per nationality,2,SHORTAGE,1,Free Pick: drafter 0 had no legal pick in round 4
Free Pick,Nationality: Ivory Coast,3 per nationality,3,SHORTAGE,1,Free Pick: drafter 0 had no legal pick in round 3
Free Pick,Nationality: Ivory Coast,3 per nationality,4,SHORTAGE,1,Free Pick: drafter 2 had no legal pick in round 3
Free Pick,Nationality: Ivory Coast,3 per nationality,5,SHORTAGE,1,Free Pick: drafter 3 had no legal pick in round 2
Free Pick,Nationality: Jamaica,No constraints,2,SHORTAGE,1,Free Pick: drafter 1 had no legal pick in round 1
Free Pick,Nationality: Jamaica,No constraints,3,SHORTAGE,1,Free Pick: drafter 0 had no legal pick in round 1
Free Pick,Nationality: Jamaica,No constraints,4,SHORTAGE,1,Free Pick: drafter 1 had no legal pick in round 1
Free Pick,Nationality: Jamaica,No constraints,5,SHORTAGE,1,Free Pick: drafter 3 had no legal pick in round 1
Free Pick,Nationality: Jamaica,1 per club,2,SHORTAGE,1,Free Pick: drafter 0 had no legal pick in round 1
Free Pick,Nationality: Jamaica,1 per club,3,SHORTAGE,1,Free Pick: drafter 2 had no legal pick in round 1
Free Pick,Nationality: Jamaica,1 per club,4,SHORTAGE,1,Free Pick: drafter 2 had no legal pick in round 1
Free Pick,Nationality: Jamaica,1 per club,5,SHORTAGE,1,Free Pick: drafter 0 had no legal pick in round 1
Free Pick,Nationality: Jamaica,3 per club,2,SHORTAGE,1,Free Pick: drafter 0 had no legal pick in round 1
Free Pick,Nationality: Jamaica,3 per club,3,SHORTAGE,1,Free Pick: drafter 0 had no legal pick in round 1
Free Pick,Nationality: Jamaica,3 per club,4,SHORTAGE,1,Free Pick: drafter 3 had no legal pick in round 1
Free Pick,Nationality: Jamaica,3 per club,5,SHORTAGE,1,Free Pick: drafter 0 had no legal pick in round 1
Free Pick,Nationality: Jamaica,1 per nationality,2,SHORTAGE,1,Free Pick: drafter 0 had no legal pick in round 1
Free Pick,Nationality: Jamaica,1 per nationality,3,SHORTAGE,1,Free Pick: drafter 0 had no legal pick in round 1
Free Pick,Nationality: Jamaica,1 per nationality,4,SHORTAGE,1,Free Pick: drafter 3 had no legal pick in round 1
Free Pick,Nationality: Jamaica,1 per nationality,5,SHORTAGE,1,Free Pick: drafter 1 had no legal pick in round 1
Free Pick,Nationality: Jamaica,3 per nationality,2,SHORTAGE,1,Free Pick: drafter 1 had no legal pick in round 1
Free Pick,Nationality: Jamaica,3 per nationality,3,SHORTAGE,1,Free Pick: drafter 0 had no legal pick in round 1
Free Pick,Nationality: Jamaica,3 per nationality,4,SHORTAGE,1,Free Pick: drafter 2 had no legal pick in round 1
Free Pick,Nationality: Jamaica,3 per nationality,5,SHORTAGE,1,Free Pick: drafter 4 had no legal pick in round 1
Free Pick,Nationality: Japan,No constraints,2,SHORTAGE,1,Free Pick: drafter 0 had no legal pick in round 4
Free Pick,Nationality: Japan,No constraints,3,SHORTAGE,1,Free Pick: drafter 0 had no legal pick in round 3
Free Pick,Nationality: Japan,No constraints,4,SHORTAGE,1,Free Pick: drafter 2 had no legal pick in round 2
Free Pick,Nationality: Japan,No constraints,5,SHORTAGE,1,Free Pick: drafter 1 had no legal pick in round 2
Free Pick,Nationality: Japan,1 per club,2,SHORTAGE,1,Free Pick: drafter 1 had no legal pick in round 4
Free Pick,Nationality: Japan,1 per club,3,SHORTAGE,1,Free Pick: drafter 0 had no legal pick in round 3
Free Pick,Nationality: Japan,1 per club,4,SHORTAGE,1,Free Pick: drafter 3 had no legal pick in round 2
Free Pick,Nationality: Japan,1 per club,5,SHORTAGE,1,Free Pick: drafter 0 had no legal pick in round 2
Free Pick,Nationality: Japan,3 per club,2,SHORTAGE,1,Free Pick: drafter 1 had no legal pick in round 4
Free Pick,Nationality: Japan,3 per club,3,SHORTAGE,1,Free Pick: drafter 2 had no legal pick in round 3
Free Pick,Nationality: Japan,3 per club,4,SHORTAGE,1,Free Pick: drafter 0 had no legal pick in round 2
Free Pick,Nationality: Japan,3 per club,5,SHORTAGE,1,Free Pick: drafter 0 had no legal pick in round 2
Free Pick,Nationality: Japan,1 per nationality,2,SHORTAGE,1,Free Pick: drafter 1 had no legal pick in round 2
Free Pick,Nationality: Japan,1 per nationality,3,SHORTAGE,1,Free Pick: drafter 2 had no legal pick in round 2
Free Pick,Nationality: Japan,1 per nationality,4,SHORTAGE,1,Free Pick: drafter 2 had no legal pick in round 2
Free Pick,Nationality: Japan,1 per nationality,5,SHORTAGE,1,Free Pick: drafter 1 had no legal pick in round 2
Free Pick,Nationality: Japan,3 per nationality,2,SHORTAGE,1,Free Pick: drafter 0 had no legal pick in round 4
Free Pick,Nationality: Japan,3 per nationality,3,SHORTAGE,1,Free Pick: drafter 0 had no legal pick in round 3
Free Pick,Nationality: Japan,3 per nationality,4,SHORTAGE,1,Free Pick: drafter 1 had no legal pick in round 2
Free Pick,Nationality: Japan,3 per nationality,5,SHORTAGE,1,Free Pick: drafter 1 had no legal pick in round 2
Free Pick,Nationality: Kosovo,No constraints,2,SHORTAGE,1,Free Pick: drafter 0 had no legal pick in round 2
Free Pick,Nationality: Kosovo,No constraints,3,SHORTAGE,1,Free Pick: drafter 1 had no legal pick in round 1
Free Pick,Nationality: Kosovo,No constraints,4,SHORTAGE,1,Free Pick: drafter 2 had no legal pick in round 1
Free Pick,Nationality: Kosovo,No constraints,5,SHORTAGE,1,Free Pick: drafter 3 had no legal pick in round 1
Free Pick,Nationality: Kosovo,1 per club,2,SHORTAGE,1,Free Pick: drafter 1 had no legal pick in round 2
Free Pick,Nationality: Kosovo,1 per club,3,SHORTAGE,1,Free Pick: drafter 2 had no legal pick in round 1
Free Pick,Nationality: Kosovo,1 per club,4,SHORTAGE,1,Free Pick: drafter 3 had no legal pick in round 1
Free Pick,Nationality: Kosovo,1 per club,5,SHORTAGE,1,Free Pick: drafter 3 had no legal pick in round 1
Free Pick,Nationality: Kosovo,3 per club,2,SHORTAGE,1,Free Pick: drafter 0 had no legal pick in round 2
Free Pick,Nationality: Kosovo,3 per club,3,SHORTAGE,1,Free Pick: drafter 1 had no legal pick in round 1
Free Pick,Nationality: Kosovo,3 per club,4,SHORTAGE,1,Free Pick: drafter 3 had no legal pick in round 1
Free Pick,Nationality: Kosovo,3 per club,5,SHORTAGE,1,Free Pick: drafter 0 had no legal pick in round 1
Free Pick,Nationality: Kosovo,1 per nationality,2,SHORTAGE,1,Free Pick: drafter 1 had no legal pick in round 2
Free Pick,Nationality: Kosovo,1 per nationality,3,SHORTAGE,1,Free Pick: drafter 1 had no legal pick in round 1
Free Pick,Nationality: Kosovo,1 per nationality,4,SHORTAGE,1,Free Pick: drafter 0 had no legal pick in round 1
Free Pick,Nationality: Kosovo,1 per nationality,5,SHORTAGE,1,Free Pick: drafter 0 had no legal pick in round 1
Free Pick,Nationality: Kosovo,3 per nationality,2,SHORTAGE,1,Free Pick: drafter 0 had no legal pick in round 2
Free Pick,Nationality: Kosovo,3 per nationality,3,SHORTAGE,1,Free Pick: drafter 0 had no legal pick in round 1
Free Pick,Nationality: Kosovo,3 per nationality,4,SHORTAGE,1,Free Pick: drafter 3 had no legal pick in round 1
Free Pick,Nationality: Kosovo,3 per nationality,5,SHORTAGE,1,Free Pick: drafter 4 had no legal pick in round 1
Free Pick,Nationality: Mali,No constraints,2,SHORTAGE,1,Free Pick: drafter 0 had no legal pick in round 2
Free Pick,Nationality: Mali,No constraints,3,SHORTAGE,1,Free Pick: drafter 0 had no legal pick in round 2
Free Pick,Nationality: Mali,No constraints,4,SHORTAGE,1,Free Pick: drafter 0 had no legal pick in round 1
Free Pick,Nationality: Mali,No constraints,5,SHORTAGE,1,Free Pick: drafter 3 had no legal pick in round 1
Free Pick,Nationality: Mali,1 per club,2,SHORTAGE,1,Free Pick: drafter 1 had no legal pick in round 2
Free Pick,Nationality: Mali,1 per club,3,SHORTAGE,1,Free Pick: drafter 2 had no legal pick in round 2
Free Pick,Nationality: Mali,1 per club,4,SHORTAGE,1,Free Pick: drafter 0 had no legal pick in round 1
Free Pick,Nationality: Mali,1 per club,5,SHORTAGE,1,Free Pick: drafter 1 had no legal pick in round 1
Free Pick,Nationality: Mali,3 per club,2,SHORTAGE,1,Free Pick: drafter 1 had no legal pick in round 2
Free Pick,Nationality: Mali,3 per club,3,SHORTAGE,1,Free Pick: drafter 2 had no legal pick in round 2
Free Pick,Nationality: Mali,3 per club,4,SHORTAGE,1,Free Pick: drafter 3 had no legal pick in round 1
Free Pick,Nationality: Mali,3 per club,5,SHORTAGE,1,Free Pick: drafter 1 had no legal pick in round 1
Free Pick,Nationality: Mali,1 per nationality,2,SHORTAGE,1,Free Pick: drafter 0 had no legal pick in round 2
Free Pick,Nationality: Mali,1 per nationality,3,SHORTAGE,1,Free Pick: drafter 2 had no legal pick in round 2
Free Pick,Nationality: Mali,1 per nationality,4,SHORTAGE,1,Free Pick: drafter 0 had no legal pick in round 1
Free Pick,Nationality: Mali,1 per nationality,5,SHORTAGE,1,Free Pick: drafter 3 had no legal pick in round 1
Free Pick,Nationality: Mali,3 per nationality,2,SHORTAGE,1,Free Pick: drafter 1 had no legal pick in round 2
Free Pick,Nationality: Mali,3 per nationality,3,SHORTAGE,1,Free Pick: drafter 2 had no legal pick in round 2
Free Pick,Nationality: Mali,3 per nationality,4,SHORTAGE,1,Free Pick: drafter 2 had no legal pick in round 1
Free Pick,Nationality: Mali,3 per nationality,5,SHORTAGE,1,Free Pick: drafter 3 had no legal pick in round 1
Free Pick,Nationality: Mexico,No constraints,2,SHORTAGE,1,Free Pick: drafter 1 had no legal pick in round 2
Free Pick,Nationality: Mexico,No constraints,3,SHORTAGE,1,Free Pick: drafter 1 had no legal pick in round 2
Free Pick,Nationality: Mexico,No constraints,4,SHORTAGE,1,Free Pick: drafter 2 had no legal pick in round 1
Free Pick,Nationality: Mexico,No constraints,5,SHORTAGE,1,Free Pick: drafter 0 had no legal pick in round 1
Free Pick,Nationality: Mexico,1 per club,2,SHORTAGE,1,Free Pick: drafter 0 had no legal pick in round 2
Free Pick,Nationality: Mexico,1 per club,3,SHORTAGE,1,Free Pick: drafter 0 had no legal pick in round 2
Free Pick,Nationality: Mexico,1 per club,4,SHORTAGE,1,Free Pick: drafter 0 had no legal pick in round 1
Free Pick,Nationality: Mexico,1 per club,5,SHORTAGE,1,Free Pick: drafter 4 had no legal pick in round 1
Free Pick,Nationality: Mexico,3 per club,2,SHORTAGE,1,Free Pick: drafter 0 had no legal pick in round 2
Free Pick,Nationality: Mexico,3 per club,3,SHORTAGE,1,Free Pick: drafter 1 had no legal pick in round 2
Free Pick,Nationality: Mexico,3 per club,4,SHORTAGE,1,Free Pick: drafter 2 had no legal pick in round 1
Free Pick,Nationality: Mexico,3 per club,5,SHORTAGE,1,Free Pick: drafter 2 had no legal pick in round 1
Free Pick,Nationality: Mexico,1 per nationality,2,SHORTAGE,1,Free Pick: drafter 0 had no legal pick in round 2
Free Pick,Nationality: Mexico,1 per nationality,3,SHORTAGE,1,Free Pick: drafter 2 had no legal pick in round 2
Free Pick,Nationality: Mexico,1 per nationality,4,SHORTAGE,1,Free Pick: drafter 0 had no legal pick in round 1
Free Pick,Nationality: Mexico,1 per nationality,5,SHORTAGE,1,Free Pick: drafter 4 had no legal pick in round 1
Free Pick,Nationality: Mexico,3 per nationality,2,SHORTAGE,1,Free Pick: drafter 1 had no legal pick in round 2
Free Pick,Nationality: Mexico,3 per nationality,3,SHORTAGE,1,Free Pick: drafter 1 had no legal pick in round 2
Free Pick,Nationality: Mexico,3 per nationality,4,SHORTAGE,1,Free Pick: drafter 3 had no legal pick in round 1
Free Pick,Nationality: Mexico,3 per nationality,5,SHORTAGE,1,Free Pick: drafter 3 had no legal pick in round 1
Free Pick,Nationality: Montenegro,No constraints,2,SHORTAGE,1,Free Pick: drafter 0 had no legal pick in round 1
Free Pick,Nationality: Montenegro,No constraints,3,SHORTAGE,1,Free Pick: drafter 1 had no legal pick in round 1
Free Pick,Nationality: Montenegro,No constraints,4,SHORTAGE,1,Free Pick: drafter 1 had no legal pick in round 1
Free Pick,Nationality: Montenegro,No constraints,5,SHORTAGE,1,Free Pick: drafter 1 had no legal pick in round 1
Free Pick,Nationality: Montenegro,1 per club,2,SHORTAGE,1,Free Pick: drafter 1 had no legal pick in round 1
Free Pick,Nationality: Montenegro,1 per club,3,SHORTAGE,1,Free Pick: drafter 2 had no legal pick in round 1
Free Pick,Nationality: Montenegro,1 per club,4,SHORTAGE,1,Free Pick: drafter 3 had no legal pick in round 1
Free Pick,Nationality: Montenegro,1 per club,5,SHORTAGE,1,Free Pick: drafter 0 had no legal pick in round 1
Free Pick,Nationality: Montenegro,3 per club,2,SHORTAGE,1,Free Pick: drafter 0 had no legal pick in round 1
Free Pick,Nationality: Montenegro,3 per club,3,SHORTAGE,1,Free Pick: drafter 1 had no legal pick in round 1
Free Pick,Nationality: Montenegro,3 per club,4,SHORTAGE,1,Free Pick: drafter 1 had no legal pick in round 1
Free Pick,Nationality: Montenegro,3 per club,5,SHORTAGE,1,Free Pick: drafter 4 had no legal pick in round 1
Free Pick,Nationality: Montenegro,1 per nationality,2,SHORTAGE,1,Free Pick: drafter 1 had no legal pick in round 1
Free Pick,Nationality: Montenegro,1 per nationality,3,SHORTAGE,1,Free Pick: drafter 0 had no legal pick in round 1
Free Pick,Nationality: Montenegro,1 per nationality,4,SHORTAGE,1,Free Pick: drafter 0 had no legal pick in round 1
Free Pick,Nationality: Montenegro,1 per nationality,5,SHORTAGE,1,Free Pick: drafter 2 had no legal pick in round 1
Free Pick,Nationality: Montenegro,3 per nationality,2,SHORTAGE,1,Free Pick: drafter 0 had no legal pick in round 1
Free Pick,Nationality: Montenegro,3 per nationality,3,SHORTAGE,1,Free Pick: drafter 0 had no legal pick in round 1
Free Pick,Nationality: Montenegro,3 per nationality,4,SHORTAGE,1,Free Pick: drafter 1 had no legal pick in round 1
Free Pick,Nationality: Montenegro,3 per nationality,5,SHORTAGE,1,Free Pick: drafter 0 had no legal pick in round 1
Free Pick,Nationality: Morocco,No constraints,2,SHORTAGE,1,Free Pick: drafter 1 had no legal pick in round 4
Free Pick,Nationality: Morocco,No constraints,3,SHORTAGE,1,Free Pick: drafter 0 had no legal pick in round 3
Free Pick,Nationality: Morocco,No constraints,4,SHORTAGE,1,Free Pick: drafter 1 had no legal pick in round 2
Free Pick,Nationality: Morocco,No constraints,5,SHORTAGE,1,Free Pick: drafter 0 had no legal pick in round 2
Free Pick,Nationality: Morocco,1 per club,2,SHORTAGE,1,Free Pick: drafter 1 had no legal pick in round 4
Free Pick,Nationality: Morocco,1 per club,3,SHORTAGE,1,Free Pick: drafter 2 had no legal pick in round 3
Free Pick,Nationality: Morocco,1 per club,4,SHORTAGE,1,Free Pick: drafter 1 had no legal pick in round 2
Free Pick,Nationality: Morocco,1 per club,5,SHORTAGE,1,Free Pick: drafter 0 had no legal pick in round 2
Free Pick,Nationality: Morocco,3 per club,2,SHORTAGE,1,Free Pick: drafter 0 had no legal pick in round 4
Free Pick,Nationality: Morocco,3 per club,3,SHORTAGE,1,Free Pick: drafter 1 had no legal pick in round 3
Free Pick,Nationality: Morocco,3 per club,4,SHORTAGE,1,Free Pick: drafter 3 had no legal pick in round 2
Free Pick,Nationality: Morocco,3 per club,5,SHORTAGE,1,Free Pick: drafter 1 had no legal pick in round 2
Free Pick,Nationality: Morocco,1 per nationality,2,SHORTAGE,1,Free Pick: drafter 0 had no legal pick in round 2
Free Pick,Nationality: Morocco,1 per nationality,3,SHORTAGE,1,Free Pick: drafter 2 had no legal pick in round 2
Free Pick,Nationality: Morocco,1 per nationality,4,SHORTAGE,1,Free Pick: drafter 3 had no legal pick in round 2
Free Pick,Nationality: Morocco,1 per nationality,5,SHORTAGE,1,Free Pick: drafter 2 had no legal pick in round 2
Free Pick,Nationality: Morocco,3 per nationality,2,SHORTAGE,1,Free Pick: drafter 1 had no legal pick in round 4
Free Pick,Nationality: Morocco,3 per nationality,3,SHORTAGE,1,Free Pick: drafter 0 had no legal pick in round 3
Free Pick,Nationality: Morocco,3 per nationality,4,SHORTAGE,1,Free Pick: drafter 2 had no legal pick in round 2
Free Pick,Nationality: Morocco,3 per nationality,5,SHORTAGE,1,Free Pick: drafter 0 had no legal pick in round 2
Free Pick,Nationality: Mozambique,No constraints,2,SHORTAGE,1,Free Pick: drafter 0 had no legal pick in round 1
Free Pick,Nationality: Mozambique,No constraints,3,SHORTAGE,1,Free Pick: drafter 1 had no legal pick in round 1
Free Pick,Nationality: Mozambique,No constraints,4,SHORTAGE,1,Free Pick: drafter 1 had no legal pick in round 1
Free Pick,Nationality: Mozambique,No constraints,5,SHORTAGE,1,Free Pick: drafter 2 had no legal pick in round 1
Free Pick,Nationality: Mozambique,1 per club,2,SHORTAGE,1,Free Pick: drafter 0 had no legal pick in round 1
Free Pick,Nationality: Mozambique,1 per club,3,SHORTAGE,1,Free Pick: drafter 2 had no legal pick in round 1
Free Pick,Nationality: Mozambique,1 per club,4,SHORTAGE,1,Free Pick: drafter 3 had no legal pick in round 1
Free Pick,Nationality: Mozambique,1 per club,5,SHORTAGE,1,Free Pick: drafter 4 had no legal pick in round 1
Free Pick,Nationality: Mozambique,3 per club,2,SHORTAGE,1,Free Pick: drafter 0 had no legal pick in round 1
Free Pick,Nationality: Mozambique,3 per club,3,SHORTAGE,1,Free Pick: drafter 0 had no legal pick in round 1
Free Pick,Nationality: Mozambique,3 per club,4,SHORTAGE,1,Free Pick: drafter 1 had no legal pick in round 1
Free Pick,Nationality: Mozambique,3 per club,5,SHORTAGE,1,Free Pick: drafter 3 had no legal pick in round 1
Free Pick,Nationality: Mozambique,1 per nationality,2,SHORTAGE,1,Free Pick: drafter 0 had no legal pick in round 1
Free Pick,Nationality: Mozambique,1 per nationality,3,SHORTAGE,1,Free Pick: drafter 0 had no legal pick in round 1
Free Pick,Nationality: Mozambique,1 per nationality,4,SHORTAGE,1,Free Pick: drafter 3 had no legal pick in round 1
Free Pick,Nationality: Mozambique,1 per nationality,5,SHORTAGE,1,Free Pick: drafter 2 had no legal pick in round 1
Free Pick,Nationality: Mozambique,3 per nationality,2,SHORTAGE,1,Free Pick: drafter 1 had no legal pick in round 1
Free Pick,Nationality: Mozambique,3 per nationality,3,SHORTAGE,1,Free Pick: drafter 1 had no legal pick in round 1
Free Pick,Nationality: Mozambique,3 per nationality,4,SHORTAGE,1,Free Pick: drafter 1 had no legal pick in round 1
Free Pick,Nationality: Mozambique,3 per nationality,5,SHORTAGE,1,Free Pick: drafter 0 had no legal pick in round 1
Free Pick,Nationality: Netherlands,No constraints,2,SHORTAGE,1,Free Pick: drafter 0 had no legal pick in round 9
Free Pick,Nationality: Netherlands,No constraints,3,SHORTAGE,1,Free Pick: drafter 0 had no legal pick in round 7
Free Pick,Nationality: Netherlands,No constraints,4,SHORTAGE,1,Free Pick: drafter 0 had no legal pick in round 7
Free Pick,Nationality: Netherlands,No constraints,5,SHORTAGE,1,Free Pick: drafter 0 had no legal pick in round 6
Free Pick,Nationality: Netherlands,1 per club,2,SHORTAGE,1,Free Pick: drafter 0 had no legal pick in round 9
Free Pick,Nationality: Netherlands,1 per club,3,SHORTAGE,1,Free Pick: drafter 0 had no legal pick in round 8
Free Pick,Nationality: Netherlands,1 per club,4,SHORTAGE,1,Free Pick: drafter 1 had no legal pick in round 6
Free Pick,Nationality: Netherlands,1 per club,5,SHORTAGE,1,Free Pick: drafter 1 had no legal pick in round 5
Free Pick,Nationality: Netherlands,3 per club,2,SHORTAGE,1,Free Pick: drafter 0 had no legal pick in round 9
Free Pick,Nationality: Netherlands,3 per club,3,SHORTAGE,1,Free Pick: drafter 0 had no legal pick in round 8
Free Pick,Nationality: Netherlands,3 per club,4,SHORTAGE,1,Free Pick: drafter 1 had no legal pick in round 7
Free Pick,Nationality: Netherlands,3 per club,5,SHORTAGE,1,Free Pick: drafter 1 had no legal pick in round 5
Free Pick,Nationality: Netherlands,1 per nationality,2,SHORTAGE,1,Free Pick: drafter 0 had no legal pick in round 2
Free Pick,Nationality: Netherlands,1 per nationality,3,SHORTAGE,1,Free Pick: drafter 0 had no legal pick in round 2
Free Pick,Nationality: Netherlands,1 per nationality,4,SHORTAGE,1,Free Pick: drafter 3 had no legal pick in round 2
Free Pick,Nationality: Netherlands,1 per nationality,5,SHORTAGE,1,Free Pick: drafter 3 had no legal pick in round 2
Free Pick,Nationality: Netherlands,3 per nationality,2,SHORTAGE,1,Free Pick: drafter 1 had no legal pick in round 4
Free Pick,Nationality: Netherlands,3 per nationality,3,SHORTAGE,1,Free Pick: drafter 0 had no legal pick in round 4
Free Pick,Nationality: Netherlands,3 per nationality,4,SHORTAGE,1,Free Pick: drafter 3 had no legal pick in round 4
Free Pick,Nationality: Netherlands,3 per nationality,5,SHORTAGE,1,Free Pick: drafter 2 had no legal pick in round 4
Free Pick,Nationality: Nigeria,No constraints,2,SHORTAGE,1,Free Pick: drafter 1 had no legal pick in round 3
Free Pick,Nationality: Nigeria,No constraints,3,SHORTAGE,1,Free Pick: drafter 1 had no legal pick in round 2
Free Pick,Nationality: Nigeria,No constraints,4,SHORTAGE,1,Free Pick: drafter 0 had no legal pick in round 2
Free Pick,Nationality: Nigeria,No constraints,5,SHORTAGE,1,Free Pick: drafter 3 had no legal pick in round 2
Free Pick,Nationality: Nigeria,1 per club,2,SHORTAGE,1,Free Pick: drafter 0 had no legal pick in round 2
Free Pick,Nationality: Nigeria,1 per club,3,SHORTAGE,1,Free Pick: drafter 2 had no legal pick in round 2
Free Pick,Nationality: Nigeria,1 per club,4,SHORTAGE,1,Free Pick: drafter 1 had no legal pick in round 2
Free Pick,Nationality: Nigeria,1 per club,5,SHORTAGE,1,Free Pick: drafter 3 had no legal pick in round 2
Free Pick,Nationality: Nigeria,3 per club,2,SHORTAGE,1,Free Pick: drafter 1 had no legal pick in round 3
Free Pick,Nationality: Nigeria,3 per club,3,SHORTAGE,1,Free Pick: drafter 1 had no legal pick in round 2
Free Pick,Nationality: Nigeria,3 per club,4,SHORTAGE,1,Free Pick: drafter 2 had no legal pick in round 2
Free Pick,Nationality: Nigeria,3 per club,5,SHORTAGE,1,Free Pick: drafter 3 had no legal pick in round 2
Free Pick,Nationality: Nigeria,1 per nationality,2,SHORTAGE,1,Free Pick: drafter 1 had no legal pick in round 2
Free Pick,Nationality: Nigeria,1 per nationality,3,SHORTAGE,1,Free Pick: drafter 0 had no legal pick in round 2
Free Pick,Nationality: Nigeria,1 per nationality,4,SHORTAGE,1,Free Pick: drafter 1 had no legal pick in round 2
Free Pick,Nationality: Nigeria,1 per nationality,5,SHORTAGE,1,Free Pick: drafter 0 had no legal pick in round 2
Free Pick,Nationality: Nigeria,3 per nationality,2,SHORTAGE,1,Free Pick: drafter 0 had no legal pick in round 3
Free Pick,Nationality: Nigeria,3 per nationality,3,SHORTAGE,1,Free Pick: drafter 0 had no legal pick in round 2
Free Pick,Nationality: Nigeria,3 per nationality,4,SHORTAGE,1,Free Pick: drafter 2 had no legal pick in round 2
Free Pick,Nationality: Nigeria,3 per nationality,5,SHORTAGE,1,Free Pick: drafter 0 had no legal pick in round 2
Free Pick,Nationality: North Macedonia,No constraints,2,SHORTAGE,1,Free Pick: drafter 1 had no legal pick in round 1
Free Pick,Nationality: North Macedonia,No constraints,3,SHORTAGE,1,Free Pick: drafter 2 had no legal pick in round 1
Free Pick,Nationality: North Macedonia,No constraints,4,SHORTAGE,1,Free Pick: drafter 2 had no legal pick in round 1
Free Pick,Nationality: North Macedonia,No constraints,5,SHORTAGE,1,Free Pick: drafter 4 had no legal pick in round 1
Free Pick,Nationality: North Macedonia,1 per club,2,SHORTAGE,1,Free Pick: drafter 0 had no legal pick in round 1
Free Pick,Nationality: North Macedonia,1 per club,3,SHORTAGE,1,Free Pick: drafter 2 had no legal pick in round 1
Free Pick,Nationality: North Macedonia,1 per club,4,SHORTAGE,1,Free Pick: drafter 3 had no legal pick in round 1
Free Pick,Nationality: North Macedonia,1 per club,5,SHORTAGE,1,Free Pick: drafter 2 had no legal pick in round 1
Free Pick,Nationality: North Macedonia,3 per club,2,SHORTAGE,1,Free Pick: drafter 1 had no legal pick in round 1
Free Pick,Nationality: North Macedonia,3 per club,3,SHORTAGE,1,Free Pick: drafter 2 had no legal pick in round 1
Free Pick,Nationality: North Macedonia,3 per club,4,SHORTAGE,1,Free Pick: drafter 1 had no legal pick in round 1
Free Pick,Nationality: North Macedonia,3 per club,5,SHORTAGE,1,Free Pick: drafter 1 had no legal pick in round 1
Free Pick,Nationality: North Macedonia,1 per nationality,2,SHORTAGE,1,Free Pick: drafter 0 had no legal pick in round 1
Free Pick,Nationality: North Macedonia,1 per nationality,3,SHORTAGE,1,Free Pick: drafter 1 had no legal pick in round 1
Free Pick,Nationality: North Macedonia,1 per nationality,4,SHORTAGE,1,Free Pick: drafter 0 had no legal pick in round 1
Free Pick,Nationality: North Macedonia,1 per nationality,5,SHORTAGE,1,Free Pick: drafter 4 had no legal pick in round 1
Free Pick,Nationality: North Macedonia,3 per nationality,2,SHORTAGE,1,Free Pick: drafter 0 had no legal pick in round 1
Free Pick,Nationality: North Macedonia,3 per nationality,3,SHORTAGE,1,Free Pick: drafter 2 had no legal pick in round 1
Free Pick,Nationality: North Macedonia,3 per nationality,4,SHORTAGE,1,Free Pick: drafter 2 had no legal pick in round 1
Free Pick,Nationality: North Macedonia,3 per nationality,5,SHORTAGE,1,Free Pick: drafter 0 had no legal pick in round 1
Free Pick,Nationality: Norway,No constraints,2,SHORTAGE,1,Free Pick: drafter 0 had no legal pick in round 4
Free Pick,Nationality: Norway,No constraints,3,SHORTAGE,1,Free Pick: drafter 2 had no legal pick in round 3
Free Pick,Nationality: Norway,No constraints,4,SHORTAGE,1,Free Pick: drafter 3 had no legal pick in round 2
Free Pick,Nationality: Norway,No constraints,5,SHORTAGE,1,Free Pick: drafter 3 had no legal pick in round 2
Free Pick,Nationality: Norway,1 per club,2,SHORTAGE,1,Free Pick: drafter 0 had no legal pick in round 4
Free Pick,Nationality: Norway,1 per club,3,SHORTAGE,1,Free Pick: drafter 2 had no legal pick in round 3
Free Pick,Nationality: Norway,1 per club,4,SHORTAGE,1,Free Pick: drafter 3 had no legal pick in round 2
Free Pick,Nationality: Norway,1 per club,5,SHORTAGE,1,Free Pick: drafter 2 had no legal pick in round 2
Free Pick,Nationality: Norway,3 per club,2,SHORTAGE,1,Free Pick: drafter 0 had no legal pick in round 4
Free Pick,Nationality: Norway,3 per club,3,SHORTAGE,1,Free Pick: drafter 1 had no legal pick in round 3
Free Pick,Nationality: Norway,3 per club,4,SHORTAGE,1,Free Pick: drafter 0 had no legal pick in round 2
Free Pick,Nationality: Norway,3 per club,5,SHORTAGE,1,Free Pick: drafter 3 had no legal pick in round 2
Free Pick,Nationality: Norway,1 per nationality,2,SHORTAGE,1,Free Pick: drafter 0 had no legal pick in round 2
Free Pick,Nationality: Norway,1 per nationality,3,SHORTAGE,1,Free Pick: drafter 1 had no legal pick in round 2
Free Pick,Nationality: Norway,1 per nationality,4,SHORTAGE,1,Free Pick: drafter 3 had no legal pick in round 2
Free Pick,Nationality: Norway,1 per nationality,5,SHORTAGE,1,Free Pick: drafter 1 had no legal pick in round 2
Free Pick,Nationality: Norway,3 per nationality,2,SHORTAGE,1,Free Pick: drafter 1 had no legal pick in round 4
Free Pick,Nationality: Norway,3 per nationality,3,SHORTAGE,1,Free Pick: drafter 0 had no legal pick in round 3
Free Pick,Nationality: Norway,3 per nationality,4,SHORTAGE,1,Free Pick: drafter 3 had no legal pick in round 2
Free Pick,Nationality: Norway,3 per nationality,5,SHORTAGE,1,Free Pick: drafter 1 had no legal pick in round 2
Free Pick,Nationality: Poland,No constraints,2,SHORTAGE,1,Free Pick: drafter 0 had no legal pick in round 3
Free Pick,Nationality: Poland,No constraints,3,SHORTAGE,1,Free Pick: drafter 0 had no legal pick in round 2
Free Pick,Nationality: Poland,No constraints,4,SHORTAGE,1,Free Pick: drafter 0 had no legal pick in round 2
Free Pick,Nationality: Poland,No constraints,5,SHORTAGE,1,Free Pick: drafter 4 had no legal pick in round 2
Free Pick,Nationality: Poland,1 per club,2,SHORTAGE,1,Free Pick: drafter 1 had no legal pick in round 3
Free Pick,Nationality: Poland,1 per club,3,SHORTAGE,1,Free Pick: drafter 0 had no legal pick in round 2
Free Pick,Nationality: Poland,1 per club,4,SHORTAGE,1,Free Pick: drafter 3 had no legal pick in round 2
Free Pick,Nationality: Poland,1 per club,5,SHORTAGE,1,Free Pick: drafter 3 had no legal pick in round 2
Free Pick,Nationality: Poland,3 per club,2,SHORTAGE,1,Free Pick: drafter 0 had no legal pick in round 3
Free Pick,Nationality: Poland,3 per club,3,SHORTAGE,1,Free Pick: drafter 0 had no legal pick in round 2
Free Pick,Nationality: Poland,3 per club,4,SHORTAGE,1,Free Pick: drafter 0 had no legal pick in round 2
Free Pick,Nationality: Poland,3 per club,5,SHORTAGE,1,Free Pick: drafter 1 had no legal pick in round 2
Free Pick,Nationality: Poland,1 per nationality,2,SHORTAGE,1,Free Pick: drafter 0 had no legal pick in round 2
Free Pick,Nationality: Poland,1 per nationality,3,SHORTAGE,1,Free Pick: drafter 1 had no legal pick in round 2
Free Pick,Nationality: Poland,1 per nationality,4,SHORTAGE,1,Free Pick: drafter 1 had no legal pick in round 2
Free Pick,Nationality: Poland,1 per nationality,5,SHORTAGE,1,Free Pick: drafter 0 had no legal pick in round 2
Free Pick,Nationality: Poland,3 per nationality,2,SHORTAGE,1,Free Pick: drafter 0 had no legal pick in round 3
Free Pick,Nationality: Poland,3 per nationality,3,SHORTAGE,1,Free Pick: drafter 2 had no legal pick in round 2
Free Pick,Nationality: Poland,3 per nationality,4,SHORTAGE,1,Free Pick: drafter 2 had no legal pick in round 2
Free Pick,Nationality: Poland,3 per nationality,5,SHORTAGE,1,Free Pick: drafter 4 had no legal pick in round 2
Free Pick,Nationality: Portugal,No constraints,2,SHORTAGE,1,Free Pick: drafter 0 had no legal pick in round 10
Free Pick,Nationality: Portugal,No constraints,3,SHORTAGE,1,Free Pick: drafter 1 had no legal pick in round 8
Free Pick,Nationality: Portugal,No constraints,4,SHORTAGE,1,Free Pick: drafter 1 had no legal pick in round 7
Free Pick,Nationality: Portugal,No constraints,5,SHORTAGE,1,Free Pick: drafter 2 had no legal pick in round 6
Free Pick,Nationality: Portugal,1 per club,2,SHORTAGE,1,Free Pick: drafter 0 had no legal pick in round 9
Free Pick,Nationality: Portugal,1 per club,3,SHORTAGE,1,Free Pick: drafter 2 had no legal pick in round 8
Free Pick,Nationality: Portugal,1 per club,4,SHORTAGE,1,Free Pick: drafter 1 had no legal pick in round 7
Free Pick,Nationality: Portugal,1 per club,5,SHORTAGE,1,Free Pick: drafter 3 had no legal pick in round 6
Free Pick,Nationality: Portugal,3 per club,2,SHORTAGE,1,Free Pick: drafter 1 had no legal pick in round 10
Free Pick,Nationality: Portugal,3 per club,3,SHORTAGE,1,Free Pick: drafter 0 had no legal pick in round 8
Free Pick,Nationality: Portugal,3 per club,4,SHORTAGE,1,Free Pick: drafter 0 had no legal pick in round 7
Free Pick,Nationality: Portugal,3 per club,5,SHORTAGE,1,Free Pick: drafter 0 had no legal pick in round 6
Free Pick,Nationality: Portugal,1 per nationality,2,SHORTAGE,1,Free Pick: drafter 0 had no legal pick in round 2
Free Pick,Nationality: Portugal,1 per nationality,3,SHORTAGE,1,Free Pick: drafter 2 had no legal pick in round 2
Free Pick,Nationality: Portugal,1 per nationality,4,SHORTAGE,1,Free Pick: drafter 3 had no legal pick in round 2
Free Pick,Nationality: Portugal,1 per nationality,5,SHORTAGE,1,Free Pick: drafter 4 had no legal pick in round 2
Free Pick,Nationality: Portugal,3 per nationality,2,SHORTAGE,1,Free Pick: drafter 1 had no legal pick in round 4
Free Pick,Nationality: Portugal,3 per nationality,3,SHORTAGE,1,Free Pick: drafter 1 had no legal pick in round 4
Free Pick,Nationality: Portugal,3 per nationality,4,SHORTAGE,1,Free Pick: drafter 1 had no legal pick in round 4
Free Pick,Nationality: Portugal,3 per nationality,5,SHORTAGE,1,Free Pick: drafter 0 had no legal pick in round 4
Free Pick,Nationality: Russia,No constraints,2,SHORTAGE,1,Free Pick: drafter 0 had no legal pick in round 1
Free Pick,Nationality: Russia,No constraints,3,SHORTAGE,1,Free Pick: drafter 2 had no legal pick in round 1
Free Pick,Nationality: Russia,No constraints,4,SHORTAGE,1,Free Pick: drafter 3 had no legal pick in round 1
Free Pick,Nationality: Russia,No constraints,5,SHORTAGE,1,Free Pick: drafter 0 had no legal pick in round 1
Free Pick,Nationality: Russia,1 per club,2,SHORTAGE,1,Free Pick: drafter 0 had no legal pick in round 1
Free Pick,Nationality: Russia,1 per club,3,SHORTAGE,1,Free Pick: drafter 2 had no legal pick in round 1
Free Pick,Nationality: Russia,1 per club,4,SHORTAGE,1,Free Pick: drafter 2 had no legal pick in round 1
Free Pick,Nationality: Russia,1 per club,5,SHORTAGE,1,Free Pick: drafter 3 had no legal pick in round 1
Free Pick,Nationality: Russia,3 per club,2,SHORTAGE,1,Free Pick: drafter 1 had no legal pick in round 1
Free Pick,Nationality: Russia,3 per club,3,SHORTAGE,1,Free Pick: drafter 1 had no legal pick in round 1
Free Pick,Nationality: Russia,3 per club,4,SHORTAGE,1,Free Pick: drafter 0 had no legal pick in round 1
Free Pick,Nationality: Russia,3 per club,5,SHORTAGE,1,Free Pick: drafter 4 had no legal pick in round 1
Free Pick,Nationality: Russia,1 per nationality,2,SHORTAGE,1,Free Pick: drafter 0 had no legal pick in round 1
Free Pick,Nationality: Russia,1 per nationality,3,SHORTAGE,1,Free Pick: drafter 1 had no legal pick in round 1
Free Pick,Nationality: Russia,1 per nationality,4,SHORTAGE,1,Free Pick: drafter 0 had no legal pick in round 1
Free Pick,Nationality: Russia,1 per nationality,5,SHORTAGE,1,Free Pick: drafter 4 had no legal pick in round 1
Free Pick,Nationality: Russia,3 per nationality,2,SHORTAGE,1,Free Pick: drafter 0 had no legal pick in round 1
Free Pick,Nationality: Russia,3 per nationality,3,SHORTAGE,1,Free Pick: drafter 2 had no legal pick in round 1
Free Pick,Nationality: Russia,3 per nationality,4,SHORTAGE,1,Free Pick: drafter 3 had no legal pick in round 1
Free Pick,Nationality: Russia,3 per nationality,5,SHORTAGE,1,Free Pick: drafter 2 had no legal pick in round 1
Free Pick,Nationality: Scotland,No constraints,2,SHORTAGE,1,Free Pick: drafter 1 had no legal pick in round 3
Free Pick,Nationality: Scotland,No constraints,3,SHORTAGE,1,Free Pick: drafter 2 had no legal pick in round 3
Free Pick,Nationality: Scotland,No constraints,4,SHORTAGE,1,Free Pick: drafter 0 had no legal pick in round 2
Free Pick,Nationality: Scotland,No constraints,5,SHORTAGE,1,Free Pick: drafter 3 had no legal pick in round 2
Free Pick,Nationality: Scotland,1 per club,2,SHORTAGE,1,Free Pick: drafter 1 had no legal pick in round 3
Free Pick,Nationality: Scotland,1 per club,3,SHORTAGE,1,Free Pick: drafter 2 had no legal pick in round 3
Free Pick,Nationality: Scotland,1 per club,4,SHORTAGE,1,Free Pick: drafter 2 had no legal pick in round 2
Free Pick,Nationality: Scotland,1 per club,5,SHORTAGE,1,Free Pick: drafter 3 had no legal pick in round 2
Free Pick,Nationality: Scotland,3 per club,2,SHORTAGE,1,Free Pick: drafter 1 had no legal pick in round 3
Free Pick,Nationality: Scotland,3 per club,3,SHORTAGE,1,Free Pick: drafter 2 had no legal pick in round 3
Free Pick,Nationality: Scotland,3 per club,4,SHORTAGE,1,Free Pick: drafter 1 had no legal pick in round 2
Free Pick,Nationality: Scotland,3 per club,5,SHORTAGE,1,Free Pick: drafter 1 had no legal pick in round 2
Free Pick,Nationality: Scotland,1 per nationality,2,SHORTAGE,1,Free Pick: drafter 1 had no legal pick in round 2
Free Pick,Nationality: Scotland,1 per nationality,3,SHORTAGE,1,Free Pick: drafter 1 had no legal pick in round 2
Free Pick,Nationality: Scotland,1 per nationality,4,SHORTAGE,1,Free Pick: drafter 1 had no legal pick in round 2
Free Pick,Nationality: Scotland,1 per nationality,5,SHORTAGE,1,Free Pick: drafter 2 had no legal pick in round 2
Free Pick,Nationality: Scotland,3 per nationality,2,SHORTAGE,1,Free Pick: drafter 0 had no legal pick in round 3
Free Pick,Nationality: Scotland,3 per nationality,3,SHORTAGE,1,Free Pick: drafter 0 had no legal pick in round 3
Free Pick,Nationality: Scotland,3 per nationality,4,SHORTAGE,1,Free Pick: drafter 1 had no legal pick in round 2
Free Pick,Nationality: Scotland,3 per nationality,5,SHORTAGE,1,Free Pick: drafter 2 had no legal pick in round 2
Free Pick,Nationality: Senegal,No constraints,2,SHORTAGE,1,Free Pick: drafter 0 had no legal pick in round 3
Free Pick,Nationality: Senegal,No constraints,3,SHORTAGE,1,Free Pick: drafter 0 had no legal pick in round 2
Free Pick,Nationality: Senegal,No constraints,4,SHORTAGE,1,Free Pick: drafter 2 had no legal pick in round 2
Free Pick,Nationality: Senegal,No constraints,5,SHORTAGE,1,Free Pick: drafter 1 had no legal pick in round 2
Free Pick,Nationality: Senegal,1 per club,2,SHORTAGE,1,Free Pick: drafter 1 had no legal pick in round 3
Free Pick,Nationality: Senegal,1 per club,3,SHORTAGE,1,Free Pick: drafter 1 had no legal pick in round 2
Free Pick,Nationality: Senegal,1 per club,4,SHORTAGE,1,Free Pick: drafter 3 had no legal pick in round 2
Free Pick,Nationality: Senegal,1 per club,5,SHORTAGE,1,Free Pick: drafter 1 had no legal pick in round 2
Free Pick,Nationality: Senegal,3 per club,2,SHORTAGE,1,Free Pick: drafter 0 had no legal pick in round 3
Free Pick,Nationality: Senegal,3 per club,3,SHORTAGE,1,Free Pick: drafter 2 had no legal pick in round 2
Free Pick,Nationality: Senegal,3 per club,4,SHORTAGE,1,Free Pick: drafter 2 had no legal pick in round 2
Free Pick,Nationality: Senegal,3 per club,5,SHORTAGE,1,Free Pick: drafter 2 had no legal pick in round 2
Free Pick,Nationality: Senegal,1 per nationality,2,SHORTAGE,1,Free Pick: drafter 1 had no legal pick in round 2
Free Pick,Nationality: Senegal,1 per nationality,3,SHORTAGE,1,Free Pick: drafter 1 had no legal pick in round 2
Free Pick,Nationality: Senegal,1 per nationality,4,SHORTAGE,1,Free Pick: drafter 3 had no legal pick in round 2
Free Pick,Nationality: Senegal,1 per nationality,5,SHORTAGE,1,Free Pick: drafter 2 had no legal pick in round 2
Free Pick,Nationality: Senegal,3 per nationality,2,SHORTAGE,1,Free Pick: drafter 1 had no legal pick in round 3
Free Pick,Nationality: Senegal,3 per nationality,3,SHORTAGE,1,Free Pick: drafter 2 had no legal pick in round 2
Free Pick,Nationality: Senegal,3 per nationality,4,SHORTAGE,1,Free Pick: drafter 3 had no legal pick in round 2
Free Pick,Nationality: Senegal,3 per nationality,5,SHORTAGE,1,Free Pick: drafter 2 had no legal pick in round 2
Free Pick,Nationality: Serbia,No constraints,2,SHORTAGE,1,Free Pick: drafter 1 had no legal pick in round 5
Free Pick,Nationality: Serbia,No constraints,3,SHORTAGE,1,Free Pick: drafter 0 had no legal pick in round 3
Free Pick,Nationality: Serbia,No constraints,4,SHORTAGE,1,Free Pick: drafter 2 had no legal pick in round 3
Free Pick,Nationality: Serbia,No constraints,5,SHORTAGE,1,Free Pick: drafter 1 had no legal pick in round 2
Free Pick,Nationality: Serbia,1 per club,2,SHORTAGE,1,Free Pick: drafter 1 had no legal pick in round 5
Free Pick,Nationality: Serbia,1 per club,3,SHORTAGE,1,Free Pick: drafter 0 had no legal pick in round 3
Free Pick,Nationality: Serbia,1 per club,4,SHORTAGE,1,Free Pick: drafter 2 had no legal pick in round 3
Free Pick,Nationality: Serbia,1 per club,5,SHORTAGE,1,Free Pick: drafter 3 had no legal pick in round 2
Free Pick,Nationality: Serbia,3 per club,2,SHORTAGE,1,Free Pick: drafter 1 had no legal pick in round 5
Free Pick,Nationality: Serbia,3 per club,3,SHORTAGE,1,Free Pick: drafter 0 had no legal pick in round 3
Free Pick,Nationality: Serbia,3 per club,4,SHORTAGE,1,Free Pick: drafter 1 had no legal pick in round 3
Free Pick,Nationality: Serbia,3 per club,5,SHORTAGE,1,Free Pick: drafter 1 had no legal pick in round 2
Free Pick,Nationality: Serbia,1 per nationality,2,SHORTAGE,1,Free Pick: drafter 1 had no legal pick in round 2
Free Pick,Nationality: Serbia,1 per nationality,3,SHORTAGE,1,Free Pick: drafter 1 had no legal pick in round 2
Free Pick,Nationality: Serbia,1 per nationality,4,SHORTAGE,1,Free Pick: drafter 1 had no legal pick in round 2
Free Pick,Nationality: Serbia,1 per nationality,5,SHORTAGE,1,Free Pick: drafter 4 had no legal pick in round 2
Free Pick,Nationality: Serbia,3 per nationality,2,SHORTAGE,1,Free Pick: drafter 1 had no legal pick in round 4
Free Pick,Nationality: Serbia,3 per nationality,3,SHORTAGE,1,Free Pick: drafter 0 had no legal pick in round 3
Free Pick,Nationality: Serbia,3 per nationality,4,SHORTAGE,1,Free Pick: drafter 2 had no legal pick in round 3
Free Pick,Nationality: Serbia,3 per nationality,5,SHORTAGE,1,Free Pick: drafter 2 had no legal pick in round 2
Free Pick,Nationality: Slovakia,No constraints,2,SHORTAGE,1,Free Pick: drafter 1 had no legal pick in round 2
Free Pick,Nationality: Slovakia,No constraints,3,SHORTAGE,1,Free Pick: drafter 2 had no legal pick in round 2
Free Pick,Nationality: Slovakia,No constraints,4,SHORTAGE,1,Free Pick: drafter 1 had no legal pick in round 1
Free Pick,Nationality: Slovakia,No constraints,5,SHORTAGE,1,Free Pick: drafter 1 had no legal pick in round 1
Free Pick,Nationality: Slovakia,1 per club,2,SHORTAGE,1,Free Pick: drafter 1 had no legal pick in round 2
Free Pick,Nationality: Slovakia,1 per club,3,SHORTAGE,1,Free Pick: drafter 2 had no legal pick in round 2
Free Pick,Nationality: Slovakia,1 per club,4,SHORTAGE,1,Free Pick: drafter 3 had no legal pick in round 1
Free Pick,Nationality: Slovakia,1 per club,5,SHORTAGE,1,Free Pick: drafter 2 had no legal pick in round 1
Free Pick,Nationality: Slovakia,3 per club,2,SHORTAGE,1,Free Pick: drafter 1 had no legal pick in round 2
Free Pick,Nationality: Slovakia,3 per club,3,SHORTAGE,1,Free Pick: drafter 0 had no legal pick in round 2
Free Pick,Nationality: Slovakia,3 per club,4,SHORTAGE,1,Free Pick: drafter 3 had no legal pick in round 1
Free Pick,Nationality: Slovakia,3 per club,5,SHORTAGE,1,Free Pick: drafter 2 had no legal pick in round 1
Free Pick,Nationality: Slovakia,1 per nationality,2,SHORTAGE,1,Free Pick: drafter 1 had no legal pick in round 2
Free Pick,Nationality: Slovakia,1 per nationality,3,SHORTAGE,1,Free Pick: drafter 0 had no legal pick in round 2
Free Pick,Nationality: Slovakia,1 per nationality,4,SHORTAGE,1,Free Pick: drafter 1 had no legal pick in round 1
Free Pick,Nationality: Slovakia,1 per nationality,5,SHORTAGE,1,Free Pick: drafter 0 had no legal pick in round 1
Free Pick,Nationality: Slovakia,3 per nationality,2,SHORTAGE,1,Free Pick: drafter 0 had no legal pick in round 2
Free Pick,Nationality: Slovakia,3 per nationality,3,SHORTAGE,1,Free Pick: drafter 0 had no legal pick in round 2
Free Pick,Nationality: Slovakia,3 per nationality,4,SHORTAGE,1,Free Pick: drafter 3 had no legal pick in round 1
Free Pick,Nationality: Slovakia,3 per nationality,5,SHORTAGE,1,Free Pick: drafter 0 had no legal pick in round 1
Free Pick,Nationality: Slovenia,No constraints,2,SHORTAGE,1,Free Pick: drafter 0 had no legal pick in round 2
Free Pick,Nationality: Slovenia,No constraints,3,SHORTAGE,1,Free Pick: drafter 2 had no legal pick in round 1
Free Pick,Nationality: Slovenia,No constraints,4,SHORTAGE,1,Free Pick: drafter 2 had no legal pick in round 1
Free Pick,Nationality: Slovenia,No constraints,5,SHORTAGE,1,Free Pick: drafter 0 had no legal pick in round 1
Free Pick,Nationality: Slovenia,1 per club,2,SHORTAGE,1,Free Pick: drafter 1 had no legal pick in round 2
Free Pick,Nationality: Slovenia,1 per club,3,SHORTAGE,1,Free Pick: drafter 1 had no legal pick in round 1
Free Pick,Nationality: Slovenia,1 per club,4,SHORTAGE,1,Free Pick: drafter 0 had no legal pick in round 1
Free Pick,Nationality: Slovenia,1 per club,5,SHORTAGE,1,Free Pick: drafter 0 had no legal pick in round 1
Free Pick,Nationality: Slovenia,3 per club,2,SHORTAGE,1,Free Pick: drafter 1 had no legal pick in round 2
Free Pick,Nationality: Slovenia,3 per club,3,SHORTAGE,1,Free Pick: drafter 2 had no legal pick in round 1
Free Pick,Nationality: Slovenia,3 per club,4,SHORTAGE,1,Free Pick: drafter 1 had no legal pick in round 1
Free Pick,Nationality: Slovenia,3 per club,5,SHORTAGE,1,Free Pick: drafter 1 had no legal pick in round 1
Free Pick,Nationality: Slovenia,1 per nationality,2,SHORTAGE,1,Free Pick: drafter 0 had no legal pick in round 2
Free Pick,Nationality: Slovenia,1 per nationality,3,SHORTAGE,1,Free Pick: drafter 1 had no legal pick in round 1
Free Pick,Nationality: Slovenia,1 per nationality,4,SHORTAGE,1,Free Pick: drafter 3 had no legal pick in round 1
Free Pick,Nationality: Slovenia,1 per nationality,5,SHORTAGE,1,Free Pick: drafter 0 had no legal pick in round 1
Free Pick,Nationality: Slovenia,3 per nationality,2,SHORTAGE,1,Free Pick: drafter 1 had no legal pick in round 2
Free Pick,Nationality: Slovenia,3 per nationality,3,SHORTAGE,1,Free Pick: drafter 2 had no legal pick in round 1
Free Pick,Nationality: Slovenia,3 per nationality,4,SHORTAGE,1,Free Pick: drafter 3 had no legal pick in round 1
Free Pick,Nationality: Slovenia,3 per nationality,5,SHORTAGE,1,Free Pick: drafter 2 had no legal pick in round 1
Free Pick,Nationality: South Korea,No constraints,2,SHORTAGE,1,Free Pick: drafter 0 had no legal pick in round 2
Free Pick,Nationality: South Korea,No constraints,3,SHORTAGE,1,Free Pick: drafter 0 had no legal pick in round 2
Free Pick,Nationality: South Korea,No constraints,4,SHORTAGE,1,Free Pick: drafter 1 had no legal pick in round 1
Free Pick,Nationality: South Korea,No constraints,5,SHORTAGE,1,Free Pick: drafter 0 had no legal pick in round 1
Free Pick,Nationality: South Korea,1 per club,2,SHORTAGE,1,Free Pick: drafter 1 had no legal pick in round 2
Free Pick,Nationality: South Korea,1 per club,3,SHORTAGE,1,Free Pick: drafter 0 had no legal pick in round 2
Free Pick,Nationality: South Korea,1 per club,4,SHORTAGE,1,Free Pick: drafter 1 had no legal pick in round 1
Free Pick,Nationality: South Korea,1 per club,5,SHORTAGE,1,Free Pick: drafter 1 had no legal pick in round 1
Free Pick,Nationality: South Korea,3 per club,2,SHORTAGE,1,Free Pick: drafter 0 had no legal pick in round 2
Free Pick,Nationality: South Korea,3 per club,3,SHORTAGE,1,Free Pick: drafter 0 had no legal pick in round 2
Free Pick,Nationality: South Korea,3 per club,4,SHORTAGE,1,Free Pick: drafter 1 had no legal pick in round 1
Free Pick,Nationality: South Korea,3 per club,5,SHORTAGE,1,Free Pick: drafter 3 had no legal pick in round 1
Free Pick,Nationality: South Korea,1 per nationality,2,SHORTAGE,1,Free Pick: drafter 0 had no legal pick in round 2
Free Pick,Nationality: South Korea,1 per nationality,3,SHORTAGE,1,Free Pick: drafter 0 had no legal pick in round 2
Free Pick,Nationality: South Korea,1 per nationality,4,SHORTAGE,1,Free Pick: drafter 2 had no legal pick in round 1
Free Pick,Nationality: South Korea,1 per nationality,5,SHORTAGE,1,Free Pick: drafter 2 had no legal pick in round 1
Free Pick,Nationality: South Korea,3 per nationality,2,SHORTAGE,1,Free Pick: drafter 1 had no legal pick in round 2
Free Pick,Nationality: South Korea,3 per nationality,3,SHORTAGE,1,Free Pick: drafter 0 had no legal pick in round 2
Free Pick,Nationality: South Korea,3 per nationality,4,SHORTAGE,1,Free Pick: drafter 3 had no legal pick in round 1
Free Pick,Nationality: South Korea,3 per nationality,5,SHORTAGE,1,Free Pick: drafter 4 had no legal pick in round 1
Free Pick,Nationality: Spain,No constraints,2,OK,5000,
Free Pick,Nationality: Spain,No constraints,3,SHORTAGE,1,Free Pick: drafter 0 had no legal pick in round 11
Free Pick,Nationality: Spain,No constraints,4,SHORTAGE,1,Free Pick: drafter 2 had no legal pick in round 11
Free Pick,Nationality: Spain,No constraints,5,SHORTAGE,1,Free Pick: drafter 0 had no legal pick in round 11
Free Pick,Nationality: Spain,1 per club,2,SHORTAGE,3,Free Pick: drafter 0 had no legal pick in round 11
Free Pick,Nationality: Spain,1 per club,3,SHORTAGE,1,Free Pick: drafter 2 had no legal pick in round 11
Free Pick,Nationality: Spain,1 per club,4,SHORTAGE,1,Free Pick: drafter 0 had no legal pick in round 11
Free Pick,Nationality: Spain,1 per club,5,SHORTAGE,1,Free Pick: drafter 1 had no legal pick in round 10
Free Pick,Nationality: Spain,3 per club,2,OK,5000,
Free Pick,Nationality: Spain,3 per club,3,SHORTAGE,1,Free Pick: drafter 1 had no legal pick in round 11
Free Pick,Nationality: Spain,3 per club,4,SHORTAGE,1,Free Pick: drafter 1 had no legal pick in round 11
Free Pick,Nationality: Spain,3 per club,5,SHORTAGE,1,Free Pick: drafter 3 had no legal pick in round 10
Free Pick,Nationality: Spain,1 per nationality,2,SHORTAGE,1,Free Pick: drafter 0 had no legal pick in round 2
Free Pick,Nationality: Spain,1 per nationality,3,SHORTAGE,1,Free Pick: drafter 1 had no legal pick in round 2
Free Pick,Nationality: Spain,1 per nationality,4,SHORTAGE,1,Free Pick: drafter 3 had no legal pick in round 2
Free Pick,Nationality: Spain,1 per nationality,5,SHORTAGE,1,Free Pick: drafter 0 had no legal pick in round 2
Free Pick,Nationality: Spain,3 per nationality,2,SHORTAGE,1,Free Pick: drafter 1 had no legal pick in round 4
Free Pick,Nationality: Spain,3 per nationality,3,SHORTAGE,1,Free Pick: drafter 2 had no legal pick in round 4
Free Pick,Nationality: Spain,3 per nationality,4,SHORTAGE,1,Free Pick: drafter 0 had no legal pick in round 4
Free Pick,Nationality: Spain,3 per nationality,5,SHORTAGE,1,Free Pick: drafter 3 had no legal pick in round 4
Free Pick,Nationality: Sweden,No constraints,2,SHORTAGE,1,Free Pick: drafter 1 had no legal pick in round 3
Free Pick,Nationality: Sweden,No constraints,3,SHORTAGE,1,Free Pick: drafter 2 had no legal pick in round 2
Free Pick,Nationality: Sweden,No constraints,4,SHORTAGE,1,Free Pick: drafter 1 had no legal pick in round 2
Free Pick,Nationality: Sweden,No constraints,5,SHORTAGE,1,Free Pick: drafter 2 had no legal pick in round 2
Free Pick,Nationality: Sweden,1 per club,2,SHORTAGE,1,Free Pick: drafter 1 had no legal pick in round 3
Free Pick,Nationality: Sweden,1 per club,3,SHORTAGE,1,Free Pick: drafter 1 had no legal pick in round 2
Free Pick,Nationality: Sweden,1 per club,4,SHORTAGE,1,Free Pick: drafter 0 had no legal pick in round 2
Free Pick,Nationality: Sweden,1 per club,5,SHORTAGE,1,Free Pick: drafter 0 had no legal pick in round 2
Free Pick,Nationality: Sweden,3 per club,2,SHORTAGE,1,Free Pick: drafter 0 had no legal pick in round 3
Free Pick,Nationality: Sweden,3 per club,3,SHORTAGE,1,Free Pick: drafter 0 had no legal pick in round 2
Free Pick,Nationality: Sweden,3 per club,4,SHORTAGE,1,Free Pick: drafter 0 had no legal pick in round 2
Free Pick,Nationality: Sweden,3 per club,5,SHORTAGE,1,Free Pick: drafter 2 had no legal pick in round 2
Free Pick,Nationality: Sweden,1 per nationality,2,SHORTAGE,1,Free Pick: drafter 1 had no legal pick in round 2
Free Pick,Nationality: Sweden,1 per nationality,3,SHORTAGE,1,Free Pick: drafter 0 had no legal pick in round 2
Free Pick,Nationality: Sweden,1 per nationality,4,SHORTAGE,1,Free Pick: drafter 3 had no legal pick in round 2
Free Pick,Nationality: Sweden,1 per nationality,5,SHORTAGE,1,Free Pick: drafter 3 had no legal pick in round 2
Free Pick,Nationality: Sweden,3 per nationality,2,SHORTAGE,1,Free Pick: drafter 0 had no legal pick in round 3
Free Pick,Nationality: Sweden,3 per nationality,3,SHORTAGE,1,Free Pick: drafter 1 had no legal pick in round 2
Free Pick,Nationality: Sweden,3 per nationality,4,SHORTAGE,1,Free Pick: drafter 2 had no legal pick in round 2
Free Pick,Nationality: Sweden,3 per nationality,5,SHORTAGE,1,Free Pick: drafter 4 had no legal pick in round 2
Free Pick,Nationality: Switzerland,No constraints,2,SHORTAGE,1,Free Pick: drafter 0 had no legal pick in round 5
Free Pick,Nationality: Switzerland,No constraints,3,SHORTAGE,1,Free Pick: drafter 0 had no legal pick in round 3
Free Pick,Nationality: Switzerland,No constraints,4,SHORTAGE,1,Free Pick: drafter 1 had no legal pick in round 3
Free Pick,Nationality: Switzerland,No constraints,5,SHORTAGE,1,Free Pick: drafter 4 had no legal pick in round 2
Free Pick,Nationality: Switzerland,1 per club,2,SHORTAGE,1,Free Pick: drafter 1 had no legal pick in round 5
Free Pick,Nationality: Switzerland,1 per club,3,SHORTAGE,1,Free Pick: drafter 1 had no legal pick in round 3
Free Pick,Nationality: Switzerland,1 per club,4,SHORTAGE,1,Free Pick: drafter 2 had no legal pick in round 3
Free Pick,Nationality: Switzerland,1 per club,5,SHORTAGE,1,Free Pick: drafter 3 had no legal pick in round 2
Free Pick,Nationality: Switzerland,3 per club,2,SHORTAGE,1,Free Pick: drafter 0 had no legal pick in round 4
Free Pick,Nationality: Switzerland,3 per club,3,SHORTAGE,1,Free Pick: drafter 2 had no legal pick in round 3
Free Pick,Nationality: Switzerland,3 per club,4,SHORTAGE,1,Free Pick: drafter 0 had no legal pick in round 2
Free Pick,Nationality: Switzerland,3 per club,5,SHORTAGE,1,Free Pick: drafter 0 had no legal pick in round 2
Free Pick,Nationality: Switzerland,1 per nationality,2,SHORTAGE,1,Free Pick: drafter 1 had no legal pick in round 2
Free Pick,Nationality: Switzerland,1 per nationality,3,SHORTAGE,1,Free Pick: drafter 0 had no legal pick in round 2
Free Pick,Nationality: Switzerland,1 per nationality,4,SHORTAGE,1,Free Pick: drafter 0 had no legal pick in round 2
Free Pick,Nationality: Switzerland,1 per nationality,5,SHORTAGE,1,Free Pick: drafter 2 had no legal pick in round 2
Free Pick,Nationality: Switzerland,3 per nationality,2,SHORTAGE,1,Free Pick: drafter 1 had no legal pick in round 4
Free Pick,Nationality: Switzerland,3 per nationality,3,SHORTAGE,1,Free Pick: drafter 0 had no legal pick in round 3
Free Pick,Nationality: Switzerland,3 per nationality,4,SHORTAGE,1,Free Pick: drafter 0 had no legal pick in round 3
Free Pick,Nationality: Switzerland,3 per nationality,5,SHORTAGE,1,Free Pick: drafter 0 had no legal pick in round 2
Free Pick,Nationality: Tunisia,No constraints,2,SHORTAGE,1,Free Pick: drafter 0 had no legal pick in round 1
Free Pick,Nationality: Tunisia,No constraints,3,SHORTAGE,1,Free Pick: drafter 2 had no legal pick in round 1
Free Pick,Nationality: Tunisia,No constraints,4,SHORTAGE,1,Free Pick: drafter 3 had no legal pick in round 1
Free Pick,Nationality: Tunisia,No constraints,5,SHORTAGE,1,Free Pick: drafter 3 had no legal pick in round 1
Free Pick,Nationality: Tunisia,1 per club,2,SHORTAGE,1,Free Pick: drafter 0 had no legal pick in round 1
Free Pick,Nationality: Tunisia,1 per club,3,SHORTAGE,1,Free Pick: drafter 1 had no legal pick in round 1
Free Pick,Nationality: Tunisia,1 per club,4,SHORTAGE,1,Free Pick: drafter 2 had no legal pick in round 1
Free Pick,Nationality: Tunisia,1 per club,5,SHORTAGE,1,Free Pick: drafter 0 had no legal pick in round 1
Free Pick,Nationality: Tunisia,3 per club,2,SHORTAGE,1,Free Pick: drafter 1 had no legal pick in round 1
Free Pick,Nationality: Tunisia,3 per club,3,SHORTAGE,1,Free Pick: drafter 2 had no legal pick in round 1
Free Pick,Nationality: Tunisia,3 per club,4,SHORTAGE,1,Free Pick: drafter 3 had no legal pick in round 1
Free Pick,Nationality: Tunisia,3 per club,5,SHORTAGE,1,Free Pick: drafter 3 had no legal pick in round 1
Free Pick,Nationality: Tunisia,1 per nationality,2,SHORTAGE,1,Free Pick: drafter 1 had no legal pick in round 1
Free Pick,Nationality: Tunisia,1 per nationality,3,SHORTAGE,1,Free Pick: drafter 1 had no legal pick in round 1
Free Pick,Nationality: Tunisia,1 per nationality,4,SHORTAGE,1,Free Pick: drafter 0 had no legal pick in round 1
Free Pick,Nationality: Tunisia,1 per nationality,5,SHORTAGE,1,Free Pick: drafter 4 had no legal pick in round 1
Free Pick,Nationality: Tunisia,3 per nationality,2,SHORTAGE,1,Free Pick: drafter 1 had no legal pick in round 1
Free Pick,Nationality: Tunisia,3 per nationality,3,SHORTAGE,1,Free Pick: drafter 1 had no legal pick in round 1
Free Pick,Nationality: Tunisia,3 per nationality,4,SHORTAGE,1,Free Pick: drafter 3 had no legal pick in round 1
Free Pick,Nationality: Tunisia,3 per nationality,5,SHORTAGE,1,Free Pick: drafter 4 had no legal pick in round 1
Free Pick,Nationality: Türkiye,No constraints,2,SHORTAGE,1,Free Pick: drafter 0 had no legal pick in round 2
Free Pick,Nationality: Türkiye,No constraints,3,SHORTAGE,1,Free Pick: drafter 0 had no legal pick in round 2
Free Pick,Nationality: Türkiye,No constraints,4,SHORTAGE,1,Free Pick: drafter 3 had no legal pick in round 1
Free Pick,Nationality: Türkiye,No constraints,5,SHORTAGE,1,Free Pick: drafter 4 had no legal pick in round 1
Free Pick,Nationality: Türkiye,1 per club,2,SHORTAGE,1,Free Pick: drafter 0 had no legal pick in round 2
Free Pick,Nationality: Türkiye,1 per club,3,SHORTAGE,1,Free Pick: drafter 2 had no legal pick in round 2
Free Pick,Nationality: Türkiye,1 per club,4,SHORTAGE,1,Free Pick: drafter 0 had no legal pick in round 1
Free Pick,Nationality: Türkiye,1 per club,5,SHORTAGE,1,Free Pick: drafter 2 had no legal pick in round 1
Free Pick,Nationality: Türkiye,3 per club,2,SHORTAGE,1,Free Pick: drafter 0 had no legal pick in round 2
Free Pick,Nationality: Türkiye,3 per club,3,SHORTAGE,1,Free Pick: drafter 0 had no legal pick in round 2
Free Pick,Nationality: Türkiye,3 per club,4,SHORTAGE,1,Free Pick: drafter 0 had no legal pick in round 1
Free Pick,Nationality: Türkiye,3 per club,5,SHORTAGE,1,Free Pick: drafter 0 had no legal pick in round 1
Free Pick,Nationality: Türkiye,1 per nationality,2,SHORTAGE,1,Free Pick: drafter 0 had no legal pick in round 2
Free Pick,Nationality: Türkiye,1 per nationality,3,SHORTAGE,1,Free Pick: drafter 1 had no legal pick in round 2
Free Pick,Nationality: Türkiye,1 per nationality,4,SHORTAGE,1,Free Pick: drafter 3 had no legal pick in round 1
Free Pick,Nationality: Türkiye,1 per nationality,5,SHORTAGE,1,Free Pick: drafter 1 had no legal pick in round 1
Free Pick,Nationality: Türkiye,3 per nationality,2,SHORTAGE,1,Free Pick: drafter 0 had no legal pick in round 2
Free Pick,Nationality: Türkiye,3 per nationality,3,SHORTAGE,1,Free Pick: drafter 0 had no legal pick in round 2
Free Pick,Nationality: Türkiye,3 per nationality,4,SHORTAGE,1,Free Pick: drafter 0 had no legal pick in round 1
Free Pick,Nationality: Türkiye,3 per nationality,5,SHORTAGE,1,Free Pick: drafter 0 had no legal pick in round 1
Free Pick,Nationality: U.S.A.,No constraints,2,SHORTAGE,1,Free Pick: drafter 1 had no legal pick in round 2
Free Pick,Nationality: U.S.A.,No constraints,3,SHORTAGE,1,Free Pick: drafter 0 had no legal pick in round 2
Free Pick,Nationality: U.S.A.,No constraints,4,SHORTAGE,1,Free Pick: drafter 0 had no legal pick in round 1
Free Pick,Nationality: U.S.A.,No constraints,5,SHORTAGE,1,Free Pick: drafter 3 had no legal pick in round 1
Free Pick,Nationality: U.S.A.,1 per club,2,SHORTAGE,1,Free Pick: drafter 0 had no legal pick in round 2
Free Pick,Nationality: U.S.A.,1 per club,3,SHORTAGE,1,Free Pick: drafter 0 had no legal pick in round 2
Free Pick,Nationality: U.S.A.,1 per club,4,SHORTAGE,1,Free Pick: drafter 1 had no legal pick in round 1
Free Pick,Nationality: U.S.A.,1 per club,5,SHORTAGE,1,Free Pick: drafter 1 had no legal pick in round 1
Free Pick,Nationality: U.S.A.,3 per club,2,SHORTAGE,1,Free Pick: drafter 1 had no legal pick in round 2
Free Pick,Nationality: U.S.A.,3 per club,3,SHORTAGE,1,Free Pick: drafter 2 had no legal pick in round 2
Free Pick,Nationality: U.S.A.,3 per club,4,SHORTAGE,1,Free Pick: drafter 0 had no legal pick in round 1
Free Pick,Nationality: U.S.A.,3 per club,5,SHORTAGE,1,Free Pick: drafter 0 had no legal pick in round 1
Free Pick,Nationality: U.S.A.,1 per nationality,2,SHORTAGE,1,Free Pick: drafter 0 had no legal pick in round 2
Free Pick,Nationality: U.S.A.,1 per nationality,3,SHORTAGE,1,Free Pick: drafter 0 had no legal pick in round 2
Free Pick,Nationality: U.S.A.,1 per nationality,4,SHORTAGE,1,Free Pick: drafter 2 had no legal pick in round 1
Free Pick,Nationality: U.S.A.,1 per nationality,5,SHORTAGE,1,Free Pick: drafter 2 had no legal pick in round 1
Free Pick,Nationality: U.S.A.,3 per nationality,2,SHORTAGE,1,Free Pick: drafter 1 had no legal pick in round 2
Free Pick,Nationality: U.S.A.,3 per nationality,3,SHORTAGE,1,Free Pick: drafter 2 had no legal pick in round 2
Free Pick,Nationality: U.S.A.,3 per nationality,4,SHORTAGE,1,Free Pick: drafter 2 had no legal pick in round 1
Free Pick,Nationality: U.S.A.,3 per nationality,5,SHORTAGE,1,Free Pick: drafter 0 had no legal pick in round 1
Free Pick,Nationality: Ukraine,No constraints,2,SHORTAGE,1,Free Pick: drafter 0 had no legal pick in round 2
Free Pick,Nationality: Ukraine,No constraints,3,SHORTAGE,1,Free Pick: drafter 0 had no legal pick in round 2
Free Pick,Nationality: Ukraine,No constraints,4,SHORTAGE,1,Free Pick: drafter 1 had no legal pick in round 1
Free Pick,Nationality: Ukraine,No constraints,5,SHORTAGE,1,Free Pick: drafter 2 had no legal pick in round 1
Free Pick,Nationality: Ukraine,1 per club,2,SHORTAGE,1,Free Pick: drafter 1 had no legal pick in round 2
Free Pick,Nationality: Ukraine,1 per club,3,SHORTAGE,1,Free Pick: drafter 1 had no legal pick in round 2
Free Pick,Nationality: Ukraine,1 per club,4,SHORTAGE,1,Free Pick: drafter 3 had no legal pick in round 1
Free Pick,Nationality: Ukraine,1 per club,5,SHORTAGE,1,Free Pick: drafter 2 had no legal pick in round 1
Free Pick,Nationality: Ukraine,3 per club,2,SHORTAGE,1,Free Pick: drafter 1 had no legal pick in round 2
Free Pick,Nationality: Ukraine,3 per club,3,SHORTAGE,1,Free Pick: drafter 0 had no legal pick in round 2
Free Pick,Nationality: Ukraine,3 per club,4,SHORTAGE,1,Free Pick: drafter 3 had no legal pick in round 1
Free Pick,Nationality: Ukraine,3 per club,5,SHORTAGE,1,Free Pick: drafter 2 had no legal pick in round 1
Free Pick,Nationality: Ukraine,1 per nationality,2,SHORTAGE,1,Free Pick: drafter 0 had no legal pick in round 2
Free Pick,Nationality: Ukraine,1 per nationality,3,SHORTAGE,1,Free Pick: drafter 2 had no legal pick in round 2
Free Pick,Nationality: Ukraine,1 per nationality,4,SHORTAGE,1,Free Pick: drafter 1 had no legal pick in round 1
Free Pick,Nationality: Ukraine,1 per nationality,5,SHORTAGE,1,Free Pick: drafter 1 had no legal pick in round 1
Free Pick,Nationality: Ukraine,3 per nationality,2,SHORTAGE,1,Free Pick: drafter 0 had no legal pick in round 2
Free Pick,Nationality: Ukraine,3 per nationality,3,SHORTAGE,1,Free Pick: drafter 2 had no legal pick in round 2
Free Pick,Nationality: Ukraine,3 per nationality,4,SHORTAGE,1,Free Pick: drafter 1 had no legal pick in round 1
Free Pick,Nationality: Ukraine,3 per nationality,5,SHORTAGE,1,Free Pick: drafter 4 had no legal pick in round 1
Free Pick,Nationality: Uruguay,No constraints,2,SHORTAGE,1,Free Pick: drafter 1 had no legal pick in round 6
Free Pick,Nationality: Uruguay,No constraints,3,SHORTAGE,1,Free Pick: drafter 1 had no legal pick in round 4
Free Pick,Nationality: Uruguay,No constraints,4,SHORTAGE,1,Free Pick: drafter 2 had no legal pick in round 3
Free Pick,Nationality: Uruguay,No constraints,5,SHORTAGE,1,Free Pick: drafter 3 had no legal pick in round 3
Free Pick,Nationality: Uruguay,1 per club,2,SHORTAGE,1,Free Pick: drafter 1 had no legal pick in round 6
Free Pick,Nationality: Uruguay,1 per club,3,SHORTAGE,1,Free Pick: drafter 0 had no legal pick in round 4
Free Pick,Nationality: Uruguay,1 per club,4,SHORTAGE,1,Free Pick: drafter 0 had no legal pick in round 3
Free Pick,Nationality: Uruguay,1 per club,5,SHORTAGE,1,Free Pick: drafter 2 had no legal pick in round 3
Free Pick,Nationality: Uruguay,3 per club,2,SHORTAGE,1,Free Pick: drafter 1 had no legal pick in round 6
Free Pick,Nationality: Uruguay,3 per club,3,SHORTAGE,1,Free Pick: drafter 2 had no legal pick in round 4
Free Pick,Nationality: Uruguay,3 per club,4,SHORTAGE,1,Free Pick: drafter 3 had no legal pick in round 3
Free Pick,Nationality: Uruguay,3 per club,5,SHORTAGE,1,Free Pick: drafter 2 had no legal pick in round 3
Free Pick,Nationality: Uruguay,1 per nationality,2,SHORTAGE,1,Free Pick: drafter 0 had no legal pick in round 2
Free Pick,Nationality: Uruguay,1 per nationality,3,SHORTAGE,1,Free Pick: drafter 1 had no legal pick in round 2
Free Pick,Nationality: Uruguay,1 per nationality,4,SHORTAGE,1,Free Pick: drafter 2 had no legal pick in round 2
Free Pick,Nationality: Uruguay,1 per nationality,5,SHORTAGE,1,Free Pick: drafter 1 had no legal pick in round 2
Free Pick,Nationality: Uruguay,3 per nationality,2,SHORTAGE,1,Free Pick: drafter 0 had no legal pick in round 4
Free Pick,Nationality: Uruguay,3 per nationality,3,SHORTAGE,1,Free Pick: drafter 2 had no legal pick in round 4
Free Pick,Nationality: Uruguay,3 per nationality,4,SHORTAGE,1,Free Pick: drafter 3 had no legal pick in round 3
Free Pick,Nationality: Uruguay,3 per nationality,5,SHORTAGE,1,Free Pick: drafter 0 had no legal pick in round 3
Free Pick,Nationality: Venezuela,No constraints,2,SHORTAGE,1,Free Pick: drafter 0 had no legal pick in round 1
Free Pick,Nationality: Venezuela,No constraints,3,SHORTAGE,1,Free Pick: drafter 1 had no legal pick in round 1
Free Pick,Nationality: Venezuela,No constraints,4,SHORTAGE,1,Free Pick: drafter 2 had no legal pick in round 1
Free Pick,Nationality: Venezuela,No constraints,5,SHORTAGE,1,Free Pick: drafter 2 had no legal pick in round 1
Free Pick,Nationality: Venezuela,1 per club,2,SHORTAGE,1,Free Pick: drafter 0 had no legal pick in round 1
Free Pick,Nationality: Venezuela,1 per club,3,SHORTAGE,1,Free Pick: drafter 2 had no legal pick in round 1
Free Pick,Nationality: Venezuela,1 per club,4,SHORTAGE,1,Free Pick: drafter 1 had no legal pick in round 1
Free Pick,Nationality: Venezuela,1 per club,5,SHORTAGE,1,Free Pick: drafter 0 had no legal pick in round 1
Free Pick,Nationality: Venezuela,3 per club,2,SHORTAGE,1,Free Pick: drafter 1 had no legal pick in round 1
Free Pick,Nationality: Venezuela,3 per club,3,SHORTAGE,1,Free Pick: drafter 1 had no legal pick in round 1
Free Pick,Nationality: Venezuela,3 per club,4,SHORTAGE,1,Free Pick: drafter 1 had no legal pick in round 1
Free Pick,Nationality: Venezuela,3 per club,5,SHORTAGE,1,Free Pick: drafter 0 had no legal pick in round 1
Free Pick,Nationality: Venezuela,1 per nationality,2,SHORTAGE,1,Free Pick: drafter 1 had no legal pick in round 1
Free Pick,Nationality: Venezuela,1 per nationality,3,SHORTAGE,1,Free Pick: drafter 1 had no legal pick in round 1
Free Pick,Nationality: Venezuela,1 per nationality,4,SHORTAGE,1,Free Pick: drafter 3 had no legal pick in round 1
Free Pick,Nationality: Venezuela,1 per nationality,5,SHORTAGE,1,Free Pick: drafter 1 had no legal pick in round 1
Free Pick,Nationality: Venezuela,3 per nationality,2,SHORTAGE,1,Free Pick: drafter 0 had no legal pick in round 1
Free Pick,Nationality: Venezuela,3 per nationality,3,SHORTAGE,1,Free Pick: drafter 0 had no legal pick in round 1
Free Pick,Nationality: Venezuela,3 per nationality,4,SHORTAGE,1,Free Pick: drafter 3 had no legal pick in round 1
Free Pick,Nationality: Venezuela,3 per nationality,5,SHORTAGE,1,Free Pick: drafter 4 had no legal pick in round 1
Free Pick,Nationality: Wales,No constraints,2,SHORTAGE,1,Free Pick: drafter 1 had no legal pick in round 2
Free Pick,Nationality: Wales,No constraints,3,SHORTAGE,1,Free Pick: drafter 1 had no legal pick in round 1
Free Pick,Nationality: Wales,No constraints,4,SHORTAGE,1,Free Pick: drafter 0 had no legal pick in round 1
Free Pick,Nationality: Wales,No constraints,5,SHORTAGE,1,Free Pick: drafter 2 had no legal pick in round 1
Free Pick,Nationality: Wales,1 per club,2,SHORTAGE,1,Free Pick: drafter 0 had no legal pick in round 2
Free Pick,Nationality: Wales,1 per club,3,SHORTAGE,1,Free Pick: drafter 0 had no legal pick in round 1
Free Pick,Nationality: Wales,1 per club,4,SHORTAGE,1,Free Pick: drafter 3 had no legal pick in round 1
Free Pick,Nationality: Wales,1 per club,5,SHORTAGE,1,Free Pick: drafter 2 had no legal pick in round 1
Free Pick,Nationality: Wales,3 per club,2,SHORTAGE,1,Free Pick: drafter 1 had no legal pick in round 2
Free Pick,Nationality: Wales,3 per club,3,SHORTAGE,1,Free Pick: drafter 2 had no legal pick in round 1
Free Pick,Nationality: Wales,3 per club,4,SHORTAGE,1,Free Pick: drafter 2 had no legal pick in round 1
Free Pick,Nationality: Wales,3 per club,5,SHORTAGE,1,Free Pick: drafter 3 had no legal pick in round 1
Free Pick,Nationality: Wales,1 per nationality,2,SHORTAGE,1,Free Pick: drafter 0 had no legal pick in round 2
Free Pick,Nationality: Wales,1 per nationality,3,SHORTAGE,1,Free Pick: drafter 2 had no legal pick in round 1
Free Pick,Nationality: Wales,1 per nationality,4,SHORTAGE,1,Free Pick: drafter 3 had no legal pick in round 1
Free Pick,Nationality: Wales,1 per nationality,5,SHORTAGE,1,Free Pick: drafter 4 had no legal pick in round 1
Free Pick,Nationality: Wales,3 per nationality,2,SHORTAGE,1,Free Pick: drafter 0 had no legal pick in round 2
Free Pick,Nationality: Wales,3 per nationality,3,SHORTAGE,1,Free Pick: drafter 2 had no legal pick in round 1
Free Pick,Nationality: Wales,3 per nationality,4,SHORTAGE,1,Free Pick: drafter 1 had no legal pick in round 1
Free Pick,Nationality: Wales,3 per nationality,5,SHORTAGE,1,Free Pick: drafter 2 had no legal pick in round 1
Spin the Wheel,All players,Not applicable,2,OK,5000,
Spin the Wheel,All players,Not applicable,3,OK,5000,
Spin the Wheel,All players,Not applicable,4,OK,5000,
Spin the Wheel,All players,Not applicable,5,OK,5000,
Spin the Wheel,Top 5 leagues,Not applicable,2,OK,5000,
Spin the Wheel,Top 5 leagues,Not applicable,3,OK,5000,
Spin the Wheel,Top 5 leagues,Not applicable,4,OK,5000,
Spin the Wheel,Top 5 leagues,Not applicable,5,OK,5000,
Spin the Wheel,League: Serie A,Not applicable,2,OK,5000,
Spin the Wheel,League: Serie A,Not applicable,3,OK,5000,
Spin the Wheel,League: Serie A,Not applicable,4,OK,5000,
Spin the Wheel,League: Serie A,Not applicable,5,OK,5000,
Spin the Wheel,League: Premier Division,Not applicable,2,OK,5000,
Spin the Wheel,League: Premier Division,Not applicable,3,OK,5000,
Spin the Wheel,League: Premier Division,Not applicable,4,OK,5000,
Spin the Wheel,League: Premier Division,Not applicable,5,OK,5000,
Spin the Wheel,League: First Division,Not applicable,2,OK,5000,
Spin the Wheel,League: First Division,Not applicable,3,OK,5000,
Spin the Wheel,League: First Division,Not applicable,4,SHORTAGE,1,Free Pick: drafter 1 had no legal pick in round 11
Spin the Wheel,League: First Division,Not applicable,5,SHORTAGE,1,Free Pick: drafter 4 had no legal pick in round 11
Spin the Wheel,League: Bundesliga,Not applicable,2,OK,5000,
Spin the Wheel,League: Bundesliga,Not applicable,3,SHORTAGE,1,Free Pick: drafter 1 had no legal pick in round 11
Spin the Wheel,League: Bundesliga,Not applicable,4,SHORTAGE,1,Free Pick: drafter 0 had no legal pick in round 10
Spin the Wheel,League: Bundesliga,Not applicable,5,SHORTAGE,1,Free Pick: drafter 3 had no legal pick in round 9
Spin the Wheel,League: Ligue 1 Uber Eats,Not applicable,2,SHORTAGE,1,Free Pick: drafter 0 had no legal pick in round 11
Spin the Wheel,League: Ligue 1 Uber Eats,Not applicable,3,SHORTAGE,1,Free Pick: drafter 0 had no legal pick in round 9
Spin the Wheel,League: Ligue 1 Uber Eats,Not applicable,4,SHORTAGE,1,Free Pick: drafter 1 had no legal pick in round 8
Spin the Wheel,League: Ligue 1 Uber Eats,Not applicable,5,SHORTAGE,1,Free Pick: drafter 1 had no legal pick in round 6
Spin the Wheel,Nationality: Algeria,Not applicable,2,SHORTAGE,1,Free Pick: drafter 0 had no legal pick in round 2
Spin the Wheel,Nationality: Algeria,Not applicable,3,SHORTAGE,1,Free Pick: drafter 2 had no legal pick in round 2
Spin the Wheel,Nationality: Algeria,Not applicable,4,SHORTAGE,1,Free Pick: drafter 1 had no legal pick in round 1
Spin the Wheel,Nationality: Algeria,Not applicable,5,SHORTAGE,1,Free Pick: drafter 3 had no legal pick in round 1
Spin the Wheel,Nationality: Argentina,Not applicable,2,SHORTAGE,1,Free Pick: drafter 0 had no legal pick in round 10
Spin the Wheel,Nationality: Argentina,Not applicable,3,SHORTAGE,1,Free Pick: drafter 2 had no legal pick in round 8
Spin the Wheel,Nationality: Argentina,Not applicable,4,SHORTAGE,1,Free Pick: drafter 3 had no legal pick in round 7
Spin the Wheel,Nationality: Argentina,Not applicable,5,SHORTAGE,1,Free Pick: drafter 0 had no legal pick in round 6
Spin the Wheel,Nationality: Armenia,Not applicable,2,SHORTAGE,1,Free Pick: drafter 0 had no legal pick in round 1
Spin the Wheel,Nationality: Armenia,Not applicable,3,SHORTAGE,1,Free Pick: drafter 2 had no legal pick in round 1
Spin the Wheel,Nationality: Armenia,Not applicable,4,SHORTAGE,1,Free Pick: drafter 1 had no legal pick in round 1
Spin the Wheel,Nationality: Armenia,Not applicable,5,SHORTAGE,1,Free Pick: drafter 2 had no legal pick in round 1
Spin the Wheel,Nationality: Austria,Not applicable,2,SHORTAGE,1,Free Pick: drafter 0 had no legal pick in round 4
Spin the Wheel,Nationality: Austria,Not applicable,3,SHORTAGE,1,Free Pick: drafter 1 had no legal pick in round 3
Spin the Wheel,Nationality: Austria,Not applicable,4,SHORTAGE,1,Free Pick: drafter 3 had no legal pick in round 2
Spin the Wheel,Nationality: Austria,Not applicable,5,SHORTAGE,1,Free Pick: drafter 3 had no legal pick in round 2
Spin the Wheel,Nationality: Belgium,Not applicable,2,SHORTAGE,1,Free Pick: drafter 1 had no legal pick in round 5
Spin the Wheel,Nationality: Belgium,Not applicable,3,SHORTAGE,1,Free Pick: drafter 1 had no legal pick in round 4
Spin the Wheel,Nationality: Belgium,Not applicable,4,SHORTAGE,1,Free Pick: drafter 1 had no legal pick in round 3
Spin the Wheel,Nationality: Belgium,Not applicable,5,SHORTAGE,1,Free Pick: drafter 2 had no legal pick in round 3
Spin the Wheel,Nationality: Bosnia & Herzegovina,Not applicable,2,SHORTAGE,1,Free Pick: drafter 0 had no legal pick in round 2
Spin the Wheel,Nationality: Bosnia & Herzegovina,Not applicable,3,SHORTAGE,1,Free Pick: drafter 0 had no legal pick in round 1
Spin the Wheel,Nationality: Bosnia & Herzegovina,Not applicable,4,SHORTAGE,1,Free Pick: drafter 3 had no legal pick in round 1
Spin the Wheel,Nationality: Bosnia & Herzegovina,Not applicable,5,SHORTAGE,1,Free Pick: drafter 1 had no legal pick in round 1
Spin the Wheel,Nationality: Brazil,Not applicable,2,SHORTAGE,1,Free Pick: drafter 0 had no legal pick in round 10
Spin the Wheel,Nationality: Brazil,Not applicable,3,SHORTAGE,1,Free Pick: drafter 1 had no legal pick in round 10
Spin the Wheel,Nationality: Brazil,Not applicable,4,SHORTAGE,1,Free Pick: drafter 2 had no legal pick in round 8
Spin the Wheel,Nationality: Brazil,Not applicable,5,SHORTAGE,1,Free Pick: drafter 4 had no legal pick in round 8
Spin the Wheel,Nationality: Burkina Faso,Not applicable,2,SHORTAGE,1,Free Pick: drafter 0 had no legal pick in round 1
Spin the Wheel,Nationality: Burkina Faso,Not applicable,3,SHORTAGE,1,Free Pick: drafter 1 had no legal pick in round 1
Spin the Wheel,Nationality: Burkina Faso,Not applicable,4,SHORTAGE,1,Free Pick: drafter 0 had no legal pick in round 1
Spin the Wheel,Nationality: Burkina Faso,Not applicable,5,SHORTAGE,1,Free Pick: drafter 1 had no legal pick in round 1
Spin the Wheel,Nationality: Cameroon,Not applicable,2,SHORTAGE,1,Free Pick: drafter 0 had no legal pick in round 2
Spin the Wheel,Nationality: Cameroon,Not applicable,3,SHORTAGE,1,Free Pick: drafter 2 had no legal pick in round 1
Spin the Wheel,Nationality: Cameroon,Not applicable,4,SHORTAGE,1,Free Pick: drafter 3 had no legal pick in round 1
Spin the Wheel,Nationality: Cameroon,Not applicable,5,SHORTAGE,1,Free Pick: drafter 2 had no legal pick in round 1
Spin the Wheel,Nationality: Canada,Not applicable,2,SHORTAGE,1,Free Pick: drafter 1 had no legal pick in round 2
Spin the Wheel,Nationality: Canada,Not applicable,3,SHORTAGE,1,Free Pick: drafter 0 had no legal pick in round 1
Spin the Wheel,Nationality: Canada,Not applicable,4,SHORTAGE,1,Free Pick: drafter 0 had no legal pick in round 1
Spin the Wheel,Nationality: Canada,Not applicable,5,SHORTAGE,1,Free Pick: drafter 1 had no legal pick in round 1
Spin the Wheel,Nationality: Central African Rep.,Not applicable,2,SHORTAGE,1,Free Pick: drafter 0 had no legal pick in round 1
Spin the Wheel,Nationality: Central African Rep.,Not applicable,3,SHORTAGE,1,Free Pick: drafter 1 had no legal pick in round 1
Spin the Wheel,Nationality: Central African Rep.,Not applicable,4,SHORTAGE,1,Free Pick: drafter 1 had no legal pick in round 1
Spin the Wheel,Nationality: Central African Rep.,Not applicable,5,SHORTAGE,1,Free Pick: drafter 4 had no legal pick in round 1
Spin the Wheel,Nationality: Colombia,Not applicable,2,SHORTAGE,1,Free Pick: drafter 0 had no legal pick in round 2
Spin the Wheel,Nationality: Colombia,Not applicable,3,SHORTAGE,1,Free Pick: drafter 1 had no legal pick in round 2
Spin the Wheel,Nationality: Colombia,Not applicable,4,SHORTAGE,1,Free Pick: drafter 1 had no legal pick in round 1
Spin the Wheel,Nationality: Colombia,Not applicable,5,SHORTAGE,1,Free Pick: drafter 0 had no legal pick in round 1
Spin the Wheel,Nationality: Costa Rica,Not applicable,2,SHORTAGE,1,Free Pick: drafter 1 had no legal pick in round 1
Spin the Wheel,Nationality: Costa Rica,Not applicable,3,SHORTAGE,1,Free Pick: drafter 1 had no legal pick in round 1
Spin the Wheel,Nationality: Costa Rica,Not applicable,4,SHORTAGE,1,Free Pick: drafter 1 had no legal pick in round 1
Spin the Wheel,Nationality: Costa Rica,Not applicable,5,SHORTAGE,1,Free Pick: drafter 1 had no legal pick in round 1
Spin the Wheel,Nationality: Croatia,Not applicable,2,SHORTAGE,1,Free Pick: drafter 1 had no legal pick in round 4
Spin the Wheel,Nationality: Croatia,Not applicable,3,SHORTAGE,1,Free Pick: drafter 0 had no legal pick in round 3
Spin the Wheel,Nationality: Croatia,Not applicable,4,SHORTAGE,1,Free Pick: drafter 3 had no legal pick in round 2
Spin the Wheel,Nationality: Croatia,Not applicable,5,SHORTAGE,1,Free Pick: drafter 3 had no legal pick in round 2
Spin the Wheel,Nationality: Czechia,Not applicable,2,SHORTAGE,1,Free Pick: drafter 1 had no legal pick in round 1
Spin the Wheel,Nationality: Czechia,Not applicable,3,SHORTAGE,1,Free Pick: drafter 1 had no legal pick in round 1
Spin the Wheel,Nationality: Czechia,Not applicable,4,SHORTAGE,1,Free Pick: drafter 0 had no legal pick in round 1
Spin the Wheel,Nationality: Czechia,Not applicable,5,SHORTAGE,1,Free Pick: drafter 3 had no legal pick in round 1
Spin the Wheel,Nationality: Denmark,Not applicable,2,SHORTAGE,1,Free Pick: drafter 0 had no legal pick in round 4
Spin the Wheel,Nationality: Denmark,Not applicable,3,SHORTAGE,1,Free Pick: drafter 1 had no legal pick in round 3
Spin the Wheel,Nationality: Denmark,Not applicable,4,SHORTAGE,1,Free Pick: drafter 2 had no legal pick in round 2
Spin the Wheel,Nationality: Denmark,Not applicable,5,SHORTAGE,1,Free Pick: drafter 1 had no legal pick in round 2
Spin the Wheel,Nationality: Ecuador,Not applicable,2,SHORTAGE,1,Free Pick: drafter 0 had no legal pick in round 2
Spin the Wheel,Nationality: Ecuador,Not applicable,3,SHORTAGE,1,Free Pick: drafter 0 had no legal pick in round 1
Spin the Wheel,Nationality: Ecuador,Not applicable,4,SHORTAGE,1,Free Pick: drafter 1 had no legal pick in round 1
Spin the Wheel,Nationality: Ecuador,Not applicable,5,SHORTAGE,1,Free Pick: drafter 3 had no legal pick in round 1
Spin the Wheel,Nationality: Egypt,Not applicable,2,SHORTAGE,1,Free Pick: drafter 1 had no legal pick in round 1
Spin the Wheel,Nationality: Egypt,Not applicable,3,SHORTAGE,1,Free Pick: drafter 0 had no legal pick in round 1
Spin the Wheel,Nationality: Egypt,Not applicable,4,SHORTAGE,1,Free Pick: drafter 3 had no legal pick in round 1
Spin the Wheel,Nationality: Egypt,Not applicable,5,SHORTAGE,1,Free Pick: drafter 2 had no legal pick in round 1
Spin the Wheel,Nationality: England,Not applicable,2,SHORTAGE,1,Free Pick: drafter 1 had no legal pick in round 11
Spin the Wheel,Nationality: England,Not applicable,3,SHORTAGE,1,Free Pick: drafter 1 had no legal pick in round 11
Spin the Wheel,Nationality: England,Not applicable,4,SHORTAGE,1,Free Pick: drafter 2 had no legal pick in round 10
Spin the Wheel,Nationality: England,Not applicable,5,SHORTAGE,1,Free Pick: drafter 0 had no legal pick in round 9
Spin the Wheel,Nationality: France,Not applicable,2,SHORTAGE,1,Free Pick: drafter 0 had no legal pick in round 11
Spin the Wheel,Nationality: France,Not applicable,3,SHORTAGE,1,Free Pick: drafter 2 had no legal pick in round 10
Spin the Wheel,Nationality: France,Not applicable,4,SHORTAGE,1,Free Pick: drafter 3 had no legal pick in round 9
Spin the Wheel,Nationality: France,Not applicable,5,SHORTAGE,1,Free Pick: drafter 4 had no legal pick in round 9
Spin the Wheel,Nationality: Georgia,Not applicable,2,SHORTAGE,1,Free Pick: drafter 0 had no legal pick in round 2
Spin the Wheel,Nationality: Georgia,Not applicable,3,SHORTAGE,1,Free Pick: drafter 1 had no legal pick in round 1
Spin the Wheel,Nationality: Georgia,Not applicable,4,SHORTAGE,1,Free Pick: drafter 3 had no legal pick in round 1
Spin the Wheel,Nationality: Georgia,Not applicable,5,SHORTAGE,1,Free Pick: drafter 4 had no legal pick in round 1
Spin the Wheel,Nationality: Germany,Not applicable,2,SHORTAGE,1,Free Pick: drafter 1 had no legal pick in round 10
Spin the Wheel,Nationality: Germany,Not applicable,3,SHORTAGE,1,Free Pick: drafter 1 had no legal pick in round 9
Spin the Wheel,Nationality: Germany,Not applicable,4,SHORTAGE,1,Free Pick: drafter 2 had no legal pick in round 8
Spin the Wheel,Nationality: Germany,Not applicable,5,SHORTAGE,1,Free Pick: drafter 4 had no legal pick in round 7
Spin the Wheel,Nationality: Ghana,Not applicable,2,SHORTAGE,1,Free Pick: drafter 1 had no legal pick in round 3
Spin the Wheel,Nationality: Ghana,Not applicable,3,SHORTAGE,1,Free Pick: drafter 1 had no legal pick in round 2
Spin the Wheel,Nationality: Ghana,Not applicable,4,SHORTAGE,1,Free Pick: drafter 3 had no legal pick in round 2
Spin the Wheel,Nationality: Ghana,Not applicable,5,SHORTAGE,1,Free Pick: drafter 0 had no legal pick in round 1
Spin the Wheel,Nationality: Greece,Not applicable,2,SHORTAGE,1,Free Pick: drafter 0 had no legal pick in round 1
Spin the Wheel,Nationality: Greece,Not applicable,3,SHORTAGE,1,Free Pick: drafter 0 had no legal pick in round 1
Spin the Wheel,Nationality: Greece,Not applicable,4,SHORTAGE,1,Free Pick: drafter 3 had no legal pick in round 1
Spin the Wheel,Nationality: Greece,Not applicable,5,SHORTAGE,1,Free Pick: drafter 1 had no legal pick in round 1
Spin the Wheel,Nationality: Guinea,Not applicable,2,SHORTAGE,1,Free Pick: drafter 1 had no legal pick in round 2
Spin the Wheel,Nationality: Guinea,Not applicable,3,SHORTAGE,1,Free Pick: drafter 0 had no legal pick in round 1
Spin the Wheel,Nationality: Guinea,Not applicable,4,SHORTAGE,1,Free Pick: drafter 3 had no legal pick in round 1
Spin the Wheel,Nationality: Guinea,Not applicable,5,SHORTAGE,1,Free Pick: drafter 3 had no legal pick in round 1
Spin the Wheel,Nationality: Guinea-Bissau,Not applicable,2,SHORTAGE,1,Free Pick: drafter 0 had no legal pick in round 1
Spin the Wheel,Nationality: Guinea-Bissau,Not applicable,3,SHORTAGE,1,Free Pick: drafter 0 had no legal pick in round 1
Spin the Wheel,Nationality: Guinea-Bissau,Not applicable,4,SHORTAGE,1,Free Pick: drafter 1 had no legal pick in round 1
Spin the Wheel,Nationality: Guinea-Bissau,Not applicable,5,SHORTAGE,1,Free Pick: drafter 4 had no legal pick in round 1
Spin the Wheel,Nationality: Hungary,Not applicable,2,SHORTAGE,1,Free Pick: drafter 1 had no legal pick in round 2
Spin the Wheel,Nationality: Hungary,Not applicable,3,SHORTAGE,1,Free Pick: drafter 0 had no legal pick in round 1
Spin the Wheel,Nationality: Hungary,Not applicable,4,SHORTAGE,1,Free Pick: drafter 2 had no legal pick in round 1
Spin the Wheel,Nationality: Hungary,Not applicable,5,SHORTAGE,1,Free Pick: drafter 1 had no legal pick in round 1
Spin the Wheel,Nationality: Iceland,Not applicable,2,SHORTAGE,1,Free Pick: drafter 0 had no legal pick in round 1
Spin the Wheel,Nationality: Iceland,Not applicable,3,SHORTAGE,1,Free Pick: drafter 1 had no legal pick in round 1
Spin the Wheel,Nationality: Iceland,Not applicable,4,SHORTAGE,1,Free Pick: drafter 3 had no legal pick in round 1
Spin the Wheel,Nationality: Iceland,Not applicable,5,SHORTAGE,1,Free Pick: drafter 2 had no legal pick in round 1
Spin the Wheel,Nationality: Italy,Not applicable,2,SHORTAGE,1,Free Pick: drafter 1 had no legal pick in round 11
Spin the Wheel,Nationality: Italy,Not applicable,3,SHORTAGE,1,Free Pick: drafter 1 had no legal pick in round 10
Spin the Wheel,Nationality: Italy,Not applicable,4,SHORTAGE,1,Free Pick: drafter 2 had no legal pick in round 9
Spin the Wheel,Nationality: Italy,Not applicable,5,SHORTAGE,1,Free Pick: drafter 0 had no legal pick in round 8
Spin the Wheel,Nationality: Ivory Coast,Not applicable,2,SHORTAGE,1,Free Pick: drafter 1 had no legal pick in round 5
Spin the Wheel,Nationality: Ivory Coast,Not applicable,3,SHORTAGE,1,Free Pick: drafter 2 had no legal pick in round 3
Spin the Wheel,Nationality: Ivory Coast,Not applicable,4,SHORTAGE,1,Free Pick: drafter 2 had no legal pick in round 3
Spin the Wheel,Nationality: Ivory Coast,Not applicable,5,SHORTAGE,1,Free Pick: drafter 2 had no legal pick in round 2
Spin the Wheel,Nationality: Jamaica,Not applicable,2,SHORTAGE,1,Free Pick: drafter 1 had no legal pick in round 1
Spin the Wheel,Nationality: Jamaica,Not applicable,3,SHORTAGE,1,Free Pick: drafter 2 had no legal pick in round 1
Spin the Wheel,Nationality: Jamaica,Not applicable,4,SHORTAGE,1,Free Pick: drafter 3 had no legal pick in round 1
Spin the Wheel,Nationality: Jamaica,Not applicable,5,SHORTAGE,1,Free Pick: drafter 2 had no legal pick in round 1
Spin the Wheel,Nationality: Japan,Not applicable,2,SHORTAGE,1,Free Pick: drafter 0 had no legal pick in round 4
Spin the Wheel,Nationality: Japan,Not applicable,3,SHORTAGE,1,Free Pick: drafter 0 had no legal pick in round 3
Spin the Wheel,Nationality: Japan,Not applicable,4,SHORTAGE,1,Free Pick: drafter 0 had no legal pick in round 2
Spin the Wheel,Nationality: Japan,Not applicable,5,SHORTAGE,1,Free Pick: drafter 0 had no legal pick in round 2
Spin the Wheel,Nationality: Kosovo,Not applicable,2,SHORTAGE,1,Free Pick: drafter 1 had no legal pick in round 2
Spin the Wheel,Nationality: Kosovo,Not applicable,3,SHORTAGE,1,Free Pick: drafter 0 had no legal pick in round 1
Spin the Wheel,Nationality: Kosovo,Not applicable,4,SHORTAGE,1,Free Pick: drafter 1 had no legal pick in round 1
Spin the Wheel,Nationality: Kosovo,Not applicable,5,SHORTAGE,1,Free Pick: drafter 1 had no legal pick in round 1
Spin the Wheel,Nationality: Mali,Not applicable,2,SHORTAGE,1,Free Pick: drafter 1 had no legal pick in round 2
Spin the Wheel,Nationality: Mali,Not applicable,3,SHORTAGE,1,Free Pick: drafter 0 had no legal pick in round 2
Spin the Wheel,Nationality: Mali,Not applicable,4,SHORTAGE,1,Free Pick: drafter 2 had no legal pick in round 1
Spin the Wheel,Nationality: Mali,Not applicable,5,SHORTAGE,1,Free Pick: drafter 1 had no legal pick in round 1
Spin the Wheel,Nationality: Mexico,Not applicable,2,SHORTAGE,1,Free Pick: drafter 0 had no legal pick in round 2
Spin the Wheel,Nationality: Mexico,Not applicable,3,SHORTAGE,1,Free Pick: drafter 2 had no legal pick in round 2
Spin the Wheel,Nationality: Mexico,Not applicable,4,SHORTAGE,1,Free Pick: drafter 2 had no legal pick in round 1
Spin the Wheel,Nationality: Mexico,Not applicable,5,SHORTAGE,1,Free Pick: drafter 4 had no legal pick in round 1
Spin the Wheel,Nationality: Montenegro,Not applicable,2,SHORTAGE,1,Free Pick: drafter 1 had no legal pick in round 1
Spin the Wheel,Nationality: Montenegro,Not applicable,3,SHORTAGE,1,Free Pick: drafter 1 had no legal pick in round 1
Spin the Wheel,Nationality: Montenegro,Not applicable,4,SHORTAGE,1,Free Pick: drafter 2 had no legal pick in round 1
Spin the Wheel,Nationality: Montenegro,Not applicable,5,SHORTAGE,1,Free Pick: drafter 4 had no legal pick in round 1
Spin the Wheel,Nationality: Morocco,Not applicable,2,SHORTAGE,1,Free Pick: drafter 0 had no legal pick in round 4
Spin the Wheel,Nationality: Morocco,Not applicable,3,SHORTAGE,1,Free Pick: drafter 2 had no legal pick in round 3
Spin the Wheel,Nationality: Morocco,Not applicable,4,SHORTAGE,1,Free Pick: drafter 0 had no legal pick in round 2
Spin the Wheel,Nationality: Morocco,Not applicable,5,SHORTAGE,1,Free Pick: drafter 2 had no legal pick in round 2
Spin the Wheel,Nationality: Mozambique,Not applicable,2,SHORTAGE,1,Free Pick: drafter 1 had no legal pick in round 1
Spin the Wheel,Nationality: Mozambique,Not applicable,3,SHORTAGE,1,Free Pick: drafter 0 had no legal pick in round 1
Spin the Wheel,Nationality: Mozambique,Not applicable,4,SHORTAGE,1,Free Pick: drafter 3 had no legal pick in round 1
Spin the Wheel,Nationality: Mozambique,Not applicable,5,SHORTAGE,1,Free Pick: drafter 0 had no legal pick in round 1
Spin the Wheel,Nationality: Netherlands,Not applicable,2,SHORTAGE,1,Free Pick: drafter 1 had no legal pick in round 9
Spin the Wheel,Nationality: Netherlands,Not applicable,3,SHORTAGE,1,Free Pick: drafter 1 had no legal pick in round 8
Spin the Wheel,Nationality: Netherlands,Not applicable,4,SHORTAGE,1,Free Pick: drafter 2 had no legal pick in round 6
Spin the Wheel,Nationality: Netherlands,Not applicable,5,SHORTAGE,1,Free Pick: drafter 3 had no legal pick in round 5
Spin the Wheel,Nationality: Nigeria,Not applicable,2,SHORTAGE,1,Free Pick: drafter 0 had no legal pick in round 3
Spin the Wheel,Nationality: Nigeria,Not applicable,3,SHORTAGE,1,Free Pick: drafter 1 had no legal pick in round 2
Spin the Wheel,Nationality: Nigeria,Not applicable,4,SHORTAGE,1,Free Pick: drafter 3 had no legal pick in round 2
Spin the Wheel,Nationality: Nigeria,Not applicable,5,SHORTAGE,1,Free Pick: drafter 0 had no legal pick in round 2
Spin the Wheel,Nationality: North Macedonia,Not applicable,2,SHORTAGE,1,Free Pick: drafter 1 had no legal pick in round 1
Spin the Wheel,Nationality: North Macedonia,Not applicable,3,SHORTAGE,1,Free Pick: drafter 0 had no legal pick in round 1
Spin the Wheel,Nationality: North Macedonia,Not applicable,4,SHORTAGE,1,Free Pick: drafter 0 had no legal pick in round 1
Spin the Wheel,Nationality: North Macedonia,Not applicable,5,SHORTAGE,1,Free Pick: drafter 3 had no legal pick in round 1
Spin the Wheel,Nationality: Norway,Not applicable,2,SHORTAGE,1,Free Pick: drafter 1 had no legal pick in round 4
Spin the Wheel,Nationality: Norway,Not applicable,3,SHORTAGE,1,Free Pick: drafter 1 had no legal pick in round 2
Spin the Wheel,Nationality: Norway,Not applicable,4,SHORTAGE,1,Free Pick: drafter 1 had no legal pick in round 2
Spin the Wheel,Nationality: Norway,Not applicable,5,SHORTAGE,1,Free Pick: drafter 2 had no legal pick in round 2
Spin the Wheel,Nationality: Poland,Not applicable,2,SHORTAGE,1,Free Pick: drafter 0 had no legal pick in round 3
Spin the Wheel,Nationality: Poland,Not applicable,3,SHORTAGE,1,Free Pick: drafter 1 had no legal pick in round 2
Spin the Wheel,Nationality: Poland,Not applicable,4,SHORTAGE,1,Free Pick: drafter 1 had no legal pick in round 2
Spin the Wheel,Nationality: Poland,Not applicable,5,SHORTAGE,1,Free Pick: drafter 3 had no legal pick in round 2
Spin the Wheel,Nationality: Portugal,Not applicable,2,SHORTAGE,1,Free Pick: drafter 1 had no legal pick in round 10
Spin the Wheel,Nationality: Portugal,Not applicable,3,SHORTAGE,1,Free Pick: drafter 1 had no legal pick in round 8
Spin the Wheel,Nationality: Portugal,Not applicable,4,SHORTAGE,1,Free Pick: drafter 2 had no legal pick in round 7
Spin the Wheel,Nationality: Portugal,Not applicable,5,SHORTAGE,1,Free Pick: drafter 1 had no legal pick in round 6
Spin the Wheel,Nationality: Russia,Not applicable,2,SHORTAGE,1,Free Pick: drafter 0 had no legal pick in round 1
Spin the Wheel,Nationality: Russia,Not applicable,3,SHORTAGE,1,Free Pick: drafter 2 had no legal pick in round 1
Spin the Wheel,Nationality: Russia,Not applicable,4,SHORTAGE,1,Free Pick: drafter 2 had no legal pick in round 1
Spin the Wheel,Nationality: Russia,Not applicable,5,SHORTAGE,1,Free Pick: drafter 2 had no legal pick in round 1
Spin the Wheel,Nationality: Scotland,Not applicable,2,SHORTAGE,1,Free Pick: drafter 0 had no legal pick in round 3
Spin the Wheel,Nationality: Scotland,Not applicable,3,SHORTAGE,1,Free Pick: drafter 1 had no legal pick in round 3
Spin the Wheel,Nationality: Scotland,Not applicable,4,SHORTAGE,1,Free Pick: drafter 1 had no legal pick in round 2
Spin the Wheel,Nationality: Scotland,Not applicable,5,SHORTAGE,1,Free Pick: drafter 4 had no legal pick in round 2
Spin the Wheel,Nationality: Senegal,Not applicable,2,SHORTAGE,1,Free Pick: drafter 0 had no legal pick in round 3
Spin the Wheel,Nationality: Senegal,Not applicable,3,SHORTAGE,1,Free Pick: drafter 0 had no legal pick in round 2
Spin the Wheel,Nationality: Senegal,Not applicable,4,SHORTAGE,1,Free Pick: drafter 1 had no legal pick in round 2
Spin the Wheel,Nationality: Senegal,Not applicable,5,SHORTAGE,1,Free Pick: drafter 3 had no legal pick in round 2
Spin the Wheel,Nationality: Serbia,Not applicable,2,SHORTAGE,1,Free Pick: drafter 0 had no legal pick in round 5
Spin the Wheel,Nationality: Serbia,Not applicable,3,SHORTAGE,1,Free Pick: drafter 1 had no legal pick in round 3
Spin the Wheel,Nationality: Serbia,Not applicable,4,SHORTAGE,1,Free Pick: drafter 0 had no legal pick in round 3
Spin the Wheel,Nationality: Serbia,Not applicable,5,SHORTAGE,1,Free Pick: drafter 2 had no legal pick in round 2
Spin the Wheel,Nationality: Slovakia,Not applicable,2,SHORTAGE,1,Free Pick: drafter 0 had no legal pick in round 2
Spin the Wheel,Nationality: Slovakia,Not applicable,3,SHORTAGE,1,Free Pick: drafter 0 had no legal pick in round 2
Spin the Wheel,Nationality: Slovakia,Not applicable,4,SHORTAGE,1,Free Pick: drafter 1 had no legal pick in round 1
Spin the Wheel,Nationality: Slovakia,Not applicable,5,SHORTAGE,1,Free Pick: drafter 3 had no legal pick in round 1
Spin the Wheel,Nationality: Slovenia,Not applicable,2,SHORTAGE,1,Free Pick: drafter 1 had no legal pick in round 2
Spin the Wheel,Nationality: Slovenia,Not applicable,3,SHORTAGE,1,Free Pick: drafter 2 had no legal pick in round 1
Spin the Wheel,Nationality: Slovenia,Not applicable,4,SHORTAGE,1,Free Pick: drafter 0 had no legal pick in round 1
Spin the Wheel,Nationality: Slovenia,Not applicable,5,SHORTAGE,1,Free Pick: drafter 2 had no legal pick in round 1
Spin the Wheel,Nationality: South Korea,Not applicable,2,SHORTAGE,1,Free Pick: drafter 0 had no legal pick in round 2
Spin the Wheel,Nationality: South Korea,Not applicable,3,SHORTAGE,1,Free Pick: drafter 0 had no legal pick in round 2
Spin the Wheel,Nationality: South Korea,Not applicable,4,SHORTAGE,1,Free Pick: drafter 3 had no legal pick in round 1
Spin the Wheel,Nationality: South Korea,Not applicable,5,SHORTAGE,1,Free Pick: drafter 2 had no legal pick in round 1
Spin the Wheel,Nationality: Spain,Not applicable,2,OK,5000,
Spin the Wheel,Nationality: Spain,Not applicable,3,SHORTAGE,1,Free Pick: drafter 2 had no legal pick in round 11
Spin the Wheel,Nationality: Spain,Not applicable,4,SHORTAGE,1,Free Pick: drafter 3 had no legal pick in round 11
Spin the Wheel,Nationality: Spain,Not applicable,5,SHORTAGE,1,Free Pick: drafter 3 had no legal pick in round 10
Spin the Wheel,Nationality: Sweden,Not applicable,2,SHORTAGE,1,Free Pick: drafter 0 had no legal pick in round 3
Spin the Wheel,Nationality: Sweden,Not applicable,3,SHORTAGE,1,Free Pick: drafter 0 had no legal pick in round 2
Spin the Wheel,Nationality: Sweden,Not applicable,4,SHORTAGE,1,Free Pick: drafter 0 had no legal pick in round 2
Spin the Wheel,Nationality: Sweden,Not applicable,5,SHORTAGE,1,Free Pick: drafter 1 had no legal pick in round 2
Spin the Wheel,Nationality: Switzerland,Not applicable,2,SHORTAGE,1,Free Pick: drafter 0 had no legal pick in round 5
Spin the Wheel,Nationality: Switzerland,Not applicable,3,SHORTAGE,1,Free Pick: drafter 2 had no legal pick in round 3
Spin the Wheel,Nationality: Switzerland,Not applicable,4,SHORTAGE,1,Free Pick: drafter 1 had no legal pick in round 3
Spin the Wheel,Nationality: Switzerland,Not applicable,5,SHORTAGE,1,Free Pick: drafter 3 had no legal pick in round 2
Spin the Wheel,Nationality: Tunisia,Not applicable,2,SHORTAGE,1,Free Pick: drafter 1 had no legal pick in round 1
Spin the Wheel,Nationality: Tunisia,Not applicable,3,SHORTAGE,1,Free Pick: drafter 1 had no legal pick in round 1
Spin the Wheel,Nationality: Tunisia,Not applicable,4,SHORTAGE,1,Free Pick: drafter 1 had no legal pick in round 1
Spin the Wheel,Nationality: Tunisia,Not applicable,5,SHORTAGE,1,Free Pick: drafter 2 had no legal pick in round 1
Spin the Wheel,Nationality: Türkiye,Not applicable,2,SHORTAGE,1,Free Pick: drafter 1 had no legal pick in round 2
Spin the Wheel,Nationality: Türkiye,Not applicable,3,SHORTAGE,1,Free Pick: drafter 0 had no legal pick in round 2
Spin the Wheel,Nationality: Türkiye,Not applicable,4,SHORTAGE,1,Free Pick: drafter 1 had no legal pick in round 1
Spin the Wheel,Nationality: Türkiye,Not applicable,5,SHORTAGE,1,Free Pick: drafter 0 had no legal pick in round 1
Spin the Wheel,Nationality: U.S.A.,Not applicable,2,SHORTAGE,1,Free Pick: drafter 1 had no legal pick in round 2
Spin the Wheel,Nationality: U.S.A.,Not applicable,3,SHORTAGE,1,Free Pick: drafter 1 had no legal pick in round 2
Spin the Wheel,Nationality: U.S.A.,Not applicable,4,SHORTAGE,1,Free Pick: drafter 0 had no legal pick in round 1
Spin the Wheel,Nationality: U.S.A.,Not applicable,5,SHORTAGE,1,Free Pick: drafter 0 had no legal pick in round 1
Spin the Wheel,Nationality: Ukraine,Not applicable,2,SHORTAGE,1,Free Pick: drafter 1 had no legal pick in round 2
Spin the Wheel,Nationality: Ukraine,Not applicable,3,SHORTAGE,1,Free Pick: drafter 0 had no legal pick in round 2
Spin the Wheel,Nationality: Ukraine,Not applicable,4,SHORTAGE,1,Free Pick: drafter 3 had no legal pick in round 1
Spin the Wheel,Nationality: Ukraine,Not applicable,5,SHORTAGE,1,Free Pick: drafter 4 had no legal pick in round 1
Spin the Wheel,Nationality: Uruguay,Not applicable,2,SHORTAGE,1,Free Pick: drafter 1 had no legal pick in round 6
Spin the Wheel,Nationality: Uruguay,Not applicable,3,SHORTAGE,1,Free Pick: drafter 0 had no legal pick in round 4
Spin the Wheel,Nationality: Uruguay,Not applicable,4,SHORTAGE,1,Free Pick: drafter 1 had no legal pick in round 3
Spin the Wheel,Nationality: Uruguay,Not applicable,5,SHORTAGE,1,Free Pick: drafter 0 had no legal pick in round 3
Spin the Wheel,Nationality: Venezuela,Not applicable,2,SHORTAGE,1,Free Pick: drafter 0 had no legal pick in round 1
Spin the Wheel,Nationality: Venezuela,Not applicable,3,SHORTAGE,1,Free Pick: drafter 0 had no legal pick in round 1
Spin the Wheel,Nationality: Venezuela,Not applicable,4,SHORTAGE,1,Free Pick: drafter 3 had no legal pick in round 1
Spin the Wheel,Nationality: Venezuela,Not applicable,5,SHORTAGE,1,Free Pick: drafter 4 had no legal pick in round 1
Spin the Wheel,Nationality: Wales,Not applicable,2,SHORTAGE,1,Free Pick: drafter 1 had no legal pick in round 2
Spin the Wheel,Nationality: Wales,Not applicable,3,SHORTAGE,1,Free Pick: drafter 2 had no legal pick in round 1
Spin the Wheel,Nationality: Wales,Not applicable,4,SHORTAGE,1,Free Pick: drafter 2 had no legal pick in round 1
Spin the Wheel,Nationality: Wales,Not applicable,5,SHORTAGE,1,Free Pick: drafter 3 had no legal pick in round 1
